"relative_path","bytes","sha256"
".gitignore","360","a6986f469c167afc0994404f5dc9aa48e075608af048bf3db0ddbe1aa6df3a51"
"ABLATION_STATUS.csv","1501","13c6d58075d3e0cd7cd9a9f7ff99d6a9d7f00060541e00544fdc2c0ec551fe48"
"code\configs\atcnet.yaml","1722","6ba49f1e1f47dcb5b7e1cbb3d417f15fc4ab32642d21079161b1abc91bf88e4f"
"code\configs\basenet.yaml","1939","37f160a5abab81e95ba8681f52ea3a5971f2dd368a0391f6ceb395186143ba18"
"code\configs\ctnet.yaml","1699","4c8df5e1a97f48bea92fd8eef8858b6406215223e8b5b58ba3a7043a4384cc00"
"code\configs\eegconformer.yaml","1533","0666e652da4280897226afe59b992479e64d9c2f6613ce6efbb518189a59a216"
"code\configs\eegnet.yaml","1851","7c8db48ec837e8a1542ff9b8c83e0ce75979b73dac9cf92158f1673699aa9ec3"
"code\configs\eegtcnet.yaml","1540","7a4708024d23f4ef182f568be78355f04efe8d2faea67d066857a1f2267cb39b"
"code\configs\mscformer.yaml","1442","f7c09577983082191ab7df01a0445edadaccb1508058e45ae9bfe5eb5d46b44f"
"code\configs\shallownet.yaml","1682","a2719b249e3997ffdefa903582e886f7456c3f919c587ddb24eca9527ea00434"
"code\configs\tcformer.yaml","2793","adb02ef95f48239c1e9efb70d2acc60503c85f6ffb6338142ea43467dde5b9b6"
"code\configs\tsseffnet.yaml","1545","6dd416abb47e438f9b51ca70815318f02387934256d477b749e8d5a83c85036b"
"code\datamodules\__init__.py","225","1e020e543dea848c21603100429135cc01862faf1e532a43777c17e3fcb95f71"
"code\datamodules\base.py","6518","da34d6ec417a91f1efb4683df58a10ac903a246107c35a7d22d8c9f70d21777d"
"code\datamodules\bcic3.py","3140","9557f44d0c51e2f484cd50ec3c8aa6babedd9bc125e25ad4aea94f9c34a2e8fc"
"code\datamodules\bcic4_2a.py","10259","db1b2b12ea3a7924abd425b13b6c424e573f968ea61d72fc8ab20d3246906e88"
"code\datamodules\bcic4_2b.py","9486","35195984aab700e5ad27cffec73997679b6db616cc0bde9028f5893da9ce045d"
"code\datamodules\hgd.py","6110","6f1263ebf159ebc3c63f74de1b904378cedd7b0a1048d122140a3b99b929f5b4"
"code\datamodules\reh_mi.py","3759","c77cb41f33f9d21ed84b9b01d53c0ff06dea3527cae625d994a310286c2a6105"
"code\LICENSE","1092","270840a24f28f65e3991187fd5b2edf386fd54fa628760e7327d893fb721c3c9"
"code\models\__init__.py","408","7d078240a172cb1abbba9c0af3aab32cacf3a12c524b04c5f25f8e906b0c2a97"
"code\models\atcnet.py","8425","4ec5a39b1ec9c66217e4aff06df13d0be2992b66d46e4b4b1d5347975c295060"
"code\models\attention_blocks.py","15530","5fb02ba453cd54c2f4bd3c58ea9c8406c30401243a36ad6258a6f7ebeadd113b"
"code\models\basenet.py","8393","dc980decac0ef3267ce377c5c13aaf3a2b059acf9cdf3eba68cb2dc28f35ef60"
"code\models\channel_group_attention.py","5550","c1f0dd71c78880c0ceb772016aec1cccf558b3d0d3b3a67535574cb8b74376a1"
"code\models\classification_module.py","27161","aca8f67762135e17f432c6911943a69142f84aee594923c490b3e1460764a001"
"code\models\ctnet.py","10629","804de052e3fd87380e9e992af8e66f26e237fb4a2258dca3b365a5a87f1c26b7"
"code\models\eegconformer.py","7685","80b8134f1b197b11138d1a653cf9584b1fa1e8b4262bc6b22a3751b1de049ee8"
"code\models\eegdeformer.py","7129","e4dad91aefa9ef4752c190ed042d8eeb84d4bca3246e57e0a243334a2d46ca8f"
"code\models\eegnet.py","31572","d06c283df767557223b4601db4e6882c40d2903f6f6ffb0708f73ccda78fdcdd"
"code\models\eegtcnet.py","4832","47d601a09f44d8a41c8092f8cabbf36f10abd8e49cf7396baa0c2c700b9b51be"
"code\models\modules.py","1913","f83639ac5fe9241ea2f9925a363902bf7468e64cb4b971b30a33f4c49c7d629d"
"code\models\mscformer.py","19273","ad05ef43f67d0815b82263b0b9d6c861ed9cb4f931d78b38e6513116ef0be083"
"code\models\shallownet.py","2689","0a84136a9031b51bcf57a3163d84c86f8bbaa89c1a95716092d18b0449907fbd"
"code\models\sst_dpn_model_utils.py","7786","3ed4a8452761f7f7d1ada37c0aea5de2673e7ba0973afc4b01c1776fd08acb03"
"code\models\sst_dpn.py","4075","0a3d6f4c2a79c7894f5dccdf385d42997b1298ce76d285a96667ba686d142f31"
"code\models\tcformer.py","32615","8c39454c5868bfcf4af4717b8f1a85d71d99c19eeed79ae7e7bbeedebcabff7b"
"code\models\ts-seffnet_filter.mat","356","5551c4e1c84f5a4f5d6f0b5b1e97f0bec15ccb83aa3c644fe9a06c6fae00114a"
"code\models\tsseffnet.py","6832","49ca4c2e38334c73cdcc0a7075d5c08eaa22fb292ae35290b0fc2ce525b9436a"
"code\README.md","11599","c58981ddd9ad1bebd195c9806dcf35787edce059aeb563df4c149a51be0bf7d5"
"code\requirements.txt","348","c3a024006737faf7ab4505195476028c3e3e402634b44a19e5235712a06674f8"
"code\run_all.sh","1601","644c1b098e145566e669637124729a6884ebf2a0f10b302f3d985f28af208689"
"code\summarize_per_subject.py","4991","657ab4c143cc3162825842076102e523f0dd845a8f8d38628a278ba6757e4ec4"
"code\summarize_results.py","5208","e84ff81de9a03da198294954bdd45efc157baacdbfd94cc0685b12e3da60090b"
"code\tcformer_ablation_methods\final_only\config.yaml","2768","466761a7f6679ff58f11948012fc71f4112c350dd0d8b1728069f4d086969e32"
"code\tcformer_ablation_methods\final_only\run_train.ps1","255","3a66370ddc64626f8a0584a1ef061c6bbe4144bd8ca38d22df0ce686542610f7"
"code\tcformer_ablation_methods\multi_exit_dynamic_weight\config.yaml","2777","40a4879f1cd821c21c7a5b78a3dad772bb35993e70f2720db53465bb5e978829"
"code\tcformer_ablation_methods\multi_exit_dynamic_weight\run_train.ps1","255","3a66370ddc64626f8a0584a1ef061c6bbe4144bd8ca38d22df0ce686542610f7"
"code\tcformer_ablation_methods\multi_exit_fixed_weight\config.yaml","2769","657779b15bc77e5b698fccbd35ceec46cb867fefd49321dc2fac93196e573dce"
"code\tcformer_ablation_methods\multi_exit_fixed_weight\run_train.ps1","255","3a66370ddc64626f8a0584a1ef061c6bbe4144bd8ca38d22df0ce686542610f7"
"code\tcformer_ablation_methods\multi_exit_self_distill_fixed_average\config.yaml","2785","f132c3ba32277635b196df228dd62d9332bcc70c71b845cb67a6dc6f60c18b2c"
"code\tcformer_ablation_methods\multi_exit_self_distill_fixed_average\run_train.ps1","255","3a66370ddc64626f8a0584a1ef061c6bbe4144bd8ca38d22df0ce686542610f7"
"code\tcformer_ablation_methods\shallow_final\config_smoke32.yaml","2770","e898134073db4234482ac1eb413a867bf4622742b0f4d6a237b03133a6ad1f9d"
"code\tcformer_ablation_methods\shallow_final\config.yaml","2771","70bd9bf867a49a6e33c7c8a97f3e867c8e16a97a9a1f07fbaae6374397f0518c"
"code\tcformer_ablation_methods\shallow_final\run_train.ps1","255","3a66370ddc64626f8a0584a1ef061c6bbe4144bd8ca38d22df0ce686542610f7"
"code\tcformer_ablation_methods\shallow_mid_deep_final\config.yaml","2774","33916c23b95c79f82802186981f9d2983f57ed9f94e6ac5bc8ac86a1f931a1f3"
"code\tcformer_ablation_methods\shallow_mid_deep_final\run_train.ps1","255","3a66370ddc64626f8a0584a1ef061c6bbe4144bd8ca38d22df0ce686542610f7"
"code\tcformer_ablation_methods\shallow_mid_final\config.yaml","2772","264d3cd2a4164483c0987b52e5c5146b66b5adeb21a025f61ddfb8d6e6b88cfd"
"code\tcformer_ablation_methods\shallow_mid_final\run_train.ps1","255","3a66370ddc64626f8a0584a1ef061c6bbe4144bd8ca38d22df0ce686542610f7"
"code\tcformer_ablation_methods\teacher_final_supervise_shallow\config.yaml","2787","3dc5821b5a4af78e14a2a4d66b953d36102b4ff26143e5cae58b2726cc518026"
"code\tcformer_ablation_methods\teacher_final_supervise_shallow\run_train.ps1","255","3a66370ddc64626f8a0584a1ef061c6bbe4144bd8ca38d22df0ce686542610f7"
"code\tcformer_ablation_methods\teacher_mid_deep_only\config.yaml","2775","ec1be7b44d008abbed89b61987ec4eb86d47e6ec5753e149665f4d9c3132db61"
"code\tcformer_ablation_methods\teacher_mid_deep_only\run_train.ps1","255","3a66370ddc64626f8a0584a1ef061c6bbe4144bd8ca38d22df0ce686542610f7"
"code\tcformer_ablation_methods\teacher_no_supervise_shallow\config.yaml","2782","8b4d510f8926007584fd928286b06ce6479c7482b775430f221a72c686cff09a"
"code\tcformer_ablation_methods\teacher_no_supervise_shallow\run_train.ps1","255","3a66370ddc64626f8a0584a1ef061c6bbe4144bd8ca38d22df0ce686542610f7"
"code\tcformer_author_protocol\config.yaml","2825","33764748dfb90032e11243109534dbdadf7d7ab921d60e6e08502e37753b4d06"
"code\tcformer_author_protocol\run_train.py","12717","9a116a2a13c07755688f5ca111c6790dc7813cd896169b89f1490f412e2464c5"
"code\test_classification.py","1016","d803324b0ac1335405c7694910597ead4b93f037d634820c295000c475bf418a"
"code\test_model.py","348","8ad15d9f6ae4d6cb22a6d05f9a668d52799de7d974b7ee496e5a55dda3c04dc3"
"code\train_pipeline_original_protocol.py","14834","6fd6d430a0b27c1b2489fe75535aa5badc7e0e4c6ff66df0bb5adaa0842a7848"
"code\train_pipeline.py","16201","f0fc414ea9add0501f8285b0f816dfbe053baecc9f50f20166f8b60599fb2c6d"
"code\utils\__init__.py","60","3b5f86b0253e2f28f59e1ba2ce85d9b51c160b003dcc95d8ad5b24ea38ef06f0"
"code\utils\get_datamodule_cls.py","1034","8f86f753d0ff880660758270068482f0f65122bd0ccdb1022bfeacbdfe321740"
"code\utils\get_model_cls.py","775","9ec72307b054c49df7cbbd98dbfc3c64c43b3184399276f22e25e682b9d7e275"
"code\utils\interaug.py","1361","4743915eb6365e942bc0df1625af69eccbfa23ea128dbf521fa2b1a191ce0ae5"
"code\utils\latency.py","1238","b09118a1918f239e502d32a1292e1d3bc023afe84de09bfe93f735875bc2876c"
"code\utils\load_bcic3.py","2445","2c00481803316a8b7367b47a88f019fcb1c8431c9f68de8e9a663c4430901367"
"code\utils\load_bcic4.py","2059","47110a0a8a6a533e15d781faeb0471c46077bf729f143deb67be48af7e1e5e92"
"code\utils\load_hgd.py","2576","4faa28f3394891208673bbc60ef57cb0a4f8d9d38be27c2142cb048fc8533c93"
"code\utils\load_reh_mi.py","9929","48fc94d180cab2c2da9285323622e50761717e1968a79dcecfba72ff26843f42"
"code\utils\load_rehmi.py","9915","030444155a3fc9424acdb23ac9ea5396ec8889f50c79dfb26a803626b9c24a98"
"code\utils\lr_scheduler.py","413","9d0a507b159315b4aaab83ac9a19c75e2dfa20b1ffd60f784f0d2fdc904f70ef"
"code\utils\metrics.py","6644","99795f74fadc7b569ee4a8f9209ba7c5b02428c1aca424a7de419f84989e5719"
"code\utils\misc.py","788","210423ce5b39ead7e03cc05a232f84f61eaa74e9b1baa55c9676f54b1162f45f"
"code\utils\plotting.py","4230","433c0d8bb075cc9de45f461d27a665141cec28d5d9f539140a2ec6682ae373f6"
"code\utils\seed.py","569","8b2a0210cadd1075867fa6bea20e05179467c2e09822d02c07f58a4172260a21"
"code\utils\weight_initialization.py","388","054881eb4bd13a2188594050023045738710d7d0f15954e06ed575b1f81205e6"
"Main figure","230462","a12c2d9d0fc64ba52b60cdb6fd696bb8f5d6345f7b02193d2a74ddf2ab11eba3"
"README_副本说明.md","2643","f262991c2ae8b4d9b9f296ff1ff7abc286f0f22e074cb9f776c95ab7c50a5df7"
"README.md","1978","be65a38e0635c95b728b8cba596128780608c34f1aa1d3f1cef38a4a37dafd9a"
"reports\single_seed_multi_exit\inference_analysis_20260906\all_subject_metrics.csv","11457","50f6212a0175871e30c81ba4c9f3c500be6647b3ee232bbc6cad25a6ca170873"
"reports\single_seed_multi_exit\inference_analysis_20260906\dataset_summary.csv","1308","75d6c74f943a2c81e822db199b30cf41d30d833b0f2e8dcbbb3501f2c2b1467b"
"reports\single_seed_multi_exit\inference_analysis_20260906\environment.json","498","d2d2545d29eb3aeae76b152b15a07a217737a8ac17aad17a475112073805ac1c"
"reports\single_seed_multi_exit\inference_analysis_20260906\exit_disagreement.csv","7374","8baf84b11e234aa510e85f839071d0ea80856e2bc46c5f33fe743a5f51a99ff3"
"reports\single_seed_multi_exit\inference_analysis_20260906\exit_weights.csv","1624","06922dbd1cb672e639cf2443f508e4d9a664dca4cdb2df7c599449a23f9f1445"
"reports\single_seed_multi_exit\inference_analysis_20260906\fusion_vs_final.csv","2291","674f4c09584f4ce6290302759693ef21272ed43b2098e01efa37a391d552c4a3"
"reports\single_seed_multi_exit\inference_analysis_20260906\results\bcic2a\subject_1\cache_build.log","0","e3b0c44298fc1c149afbf4c8996fb92427ae41e4649b934ca495991b7852b855"
"reports\single_seed_multi_exit\inference_analysis_20260906\results\bcic2a\subject_1\metrics.csv","783","1e65ac4d25aa5837e1773d6d775cc4da4bc5622aa4599646fb7bbb74d830c262"
"reports\single_seed_multi_exit\inference_analysis_20260906\results\bcic2a\subject_1\preprocessing.log","0","e3b0c44298fc1c149afbf4c8996fb92427ae41e4649b934ca495991b7852b855"
"reports\single_seed_multi_exit\inference_analysis_20260906\results\bcic2a\subject_1\reliability_bins.csv","5030","33bbbed2346f5fed7bc49bb3173614bd06d2c12c0d64eb858eb2e7bf396d5d28"
"reports\single_seed_multi_exit\inference_analysis_20260906\results\bcic2a\subject_1\report.json","9869","633d8f6125d478c7e01f119c18324157bfd73a675c63093aae1ba6e4ecc9a70f"
"reports\single_seed_multi_exit\inference_analysis_20260906\results\bcic2a\subject_2\cache_build.log","0","e3b0c44298fc1c149afbf4c8996fb92427ae41e4649b934ca495991b7852b855"
"reports\single_seed_multi_exit\inference_analysis_20260906\results\bcic2a\subject_2\metrics.csv","767","a4db92f39a61349098955220a0f9827577a7fd59a4a7a7fa4688c33925e41e70"
"reports\single_seed_multi_exit\inference_analysis_20260906\results\bcic2a\subject_2\preprocessing.log","4061","758fdcca239f5b48be9aa055a13cebbf5231a7fd3270c887214e55cfcd2d175d"
"reports\single_seed_multi_exit\inference_analysis_20260906\results\bcic2a\subject_2\reliability_bins.csv","5376","d91b83a76cc0a45e7ddd0970aa0824abb930e37156b633049c14b01dc94b2e54"
"reports\single_seed_multi_exit\inference_analysis_20260906\results\bcic2a\subject_2\report.json","9860","d9998ed837c12a55aad4438303130995e2acf02fe92032c3ca340826b71212b0"
"reports\single_seed_multi_exit\inference_analysis_20260906\results\bcic2a\subject_3\cache_build.log","4061","758fdcca239f5b48be9aa055a13cebbf5231a7fd3270c887214e55cfcd2d175d"
"reports\single_seed_multi_exit\inference_analysis_20260906\results\bcic2a\subject_3\metrics.csv","776","613ed966b89bfff8a81a6a77951850b3ce28af0cc665da331ff402193a87b13f"
"reports\single_seed_multi_exit\inference_analysis_20260906\results\bcic2a\subject_3\preprocessing.log","0","e3b0c44298fc1c149afbf4c8996fb92427ae41e4649b934ca495991b7852b855"
"reports\single_seed_multi_exit\inference_analysis_20260906\results\bcic2a\subject_3\reliability_bins.csv","4972","727984edcf8a4eeec2fb229cd0379e76eff3fff25ad497658f4dabd21e11252f"
"reports\single_seed_multi_exit\inference_analysis_20260906\results\bcic2a\subject_3\report.json","9872","5a62203a3422f80a686c2ddc5f9ed730a0bfa34b7b0544915789a231cb18b469"
"reports\single_seed_multi_exit\inference_analysis_20260906\results\bcic2a\subject_4\cache_build.log","4061","758fdcca239f5b48be9aa055a13cebbf5231a7fd3270c887214e55cfcd2d175d"
"reports\single_seed_multi_exit\inference_analysis_20260906\results\bcic2a\subject_4\metrics.csv","787","bc64a1cae709571501de146823034b0eaedba4faf70ede4ac20a4ddcc9497365"
"reports\single_seed_multi_exit\inference_analysis_20260906\results\bcic2a\subject_4\preprocessing.log","0","e3b0c44298fc1c149afbf4c8996fb92427ae41e4649b934ca495991b7852b855"
"reports\single_seed_multi_exit\inference_analysis_20260906\results\bcic2a\subject_4\reliability_bins.csv","5203","ab2e78e44b56a6405b2af14cbf0ed987c20a4cc5736bc9829e98bef42b45d9a8"
"reports\single_seed_multi_exit\inference_analysis_20260906\results\bcic2a\subject_4\report.json","9874","1ff8d212746004692b1d2b5682b49372899a441fe080dd3b3497f7c657980b3d"
"reports\single_seed_multi_exit\inference_analysis_20260906\results\bcic2a\subject_5\cache_build.log","4061","758fdcca239f5b48be9aa055a13cebbf5231a7fd3270c887214e55cfcd2d175d"
"reports\single_seed_multi_exit\inference_analysis_20260906\results\bcic2a\subject_5\metrics.csv","725","25b2d78230f361d8d3b5e267c496858fda56f38b5c23cb90366038dd8f976157"
"reports\single_seed_multi_exit\inference_analysis_20260906\results\bcic2a\subject_5\preprocessing.log","0","e3b0c44298fc1c149afbf4c8996fb92427ae41e4649b934ca495991b7852b855"
"reports\single_seed_multi_exit\inference_analysis_20260906\results\bcic2a\subject_5\reliability_bins.csv","5256","b407e8f5fbeaa71f0095294726ba73db759383cf30d4589989d5b0ae3073320c"
"reports\single_seed_multi_exit\inference_analysis_20260906\results\bcic2a\subject_5\report.json","9772","7e68e16cf7bf2b817d8e440b654c4f79d9fd93a47b384703d41d2ecea33d5f3c"
"reports\single_seed_multi_exit\inference_analysis_20260906\results\bcic2a\subject_6\cache_build.log","4061","758fdcca239f5b48be9aa055a13cebbf5231a7fd3270c887214e55cfcd2d175d"
"reports\single_seed_multi_exit\inference_analysis_20260906\results\bcic2a\subject_6\metrics.csv","777","de8f4f55548386a3d5b98a980b6793a1ba227beccadae2efaba638d97a616ba2"
"reports\single_seed_multi_exit\inference_analysis_20260906\results\bcic2a\subject_6\preprocessing.log","0","e3b0c44298fc1c149afbf4c8996fb92427ae41e4649b934ca495991b7852b855"
"reports\single_seed_multi_exit\inference_analysis_20260906\results\bcic2a\subject_6\reliability_bins.csv","5488","114b99dab32d65de2c7aaaf3b820154cb63eedffaa7906d5bf9f09ef8db33b3d"
"reports\single_seed_multi_exit\inference_analysis_20260906\results\bcic2a\subject_6\report.json","9868","8e1bf15c610cd3ebb0afb6e6c2306bad1b935f51a5ebd808c08791d4a59b756b"
"reports\single_seed_multi_exit\inference_analysis_20260906\results\bcic2a\subject_7\cache_build.log","4061","758fdcca239f5b48be9aa055a13cebbf5231a7fd3270c887214e55cfcd2d175d"
"reports\single_seed_multi_exit\inference_analysis_20260906\results\bcic2a\subject_7\metrics.csv","760","e381be4d1e48a5423d66147f156b9de7e3854fe89670ab436b7c28e487479eb1"
"reports\single_seed_multi_exit\inference_analysis_20260906\results\bcic2a\subject_7\preprocessing.log","0","e3b0c44298fc1c149afbf4c8996fb92427ae41e4649b934ca495991b7852b855"
"reports\single_seed_multi_exit\inference_analysis_20260906\results\bcic2a\subject_7\reliability_bins.csv","5164","778c22967d1648b189472587b610e0d02c974789d2ab0b9dcc72f483e54c2fc3"
"reports\single_seed_multi_exit\inference_analysis_20260906\results\bcic2a\subject_7\report.json","9836","335751d1a0153b779154ae6e45c0220a27a1623ce32bc9fe72b7d33064f54d35"
"reports\single_seed_multi_exit\inference_analysis_20260906\results\bcic2a\subject_8\cache_build.log","4061","758fdcca239f5b48be9aa055a13cebbf5231a7fd3270c887214e55cfcd2d175d"
"reports\single_seed_multi_exit\inference_analysis_20260906\results\bcic2a\subject_8\metrics.csv","787","ccb7dfa9a2f5987ac7fd75886838f16682a77c6fc7bd1f5363ca24a04d0cb880"
"reports\single_seed_multi_exit\inference_analysis_20260906\results\bcic2a\subject_8\preprocessing.log","0","e3b0c44298fc1c149afbf4c8996fb92427ae41e4649b934ca495991b7852b855"
"reports\single_seed_multi_exit\inference_analysis_20260906\results\bcic2a\subject_8\reliability_bins.csv","5226","22a786ff85922a0f4063826c50d6b811440db664ffd7ba37de9123c82640b8f9"
"reports\single_seed_multi_exit\inference_analysis_20260906\results\bcic2a\subject_8\report.json","9872","13579d40c7cf5d25528f8c52c6416813d3793b4309c389eacf3a632624654b5a"
"reports\single_seed_multi_exit\inference_analysis_20260906\results\bcic2a\subject_9\cache_build.log","4061","758fdcca239f5b48be9aa055a13cebbf5231a7fd3270c887214e55cfcd2d175d"
"reports\single_seed_multi_exit\inference_analysis_20260906\results\bcic2a\subject_9\metrics.csv","771","85dc74fdecdd251d2e9d32c59f72de2c5bf514b9d825d1be431c16fb589dbe93"
"reports\single_seed_multi_exit\inference_analysis_20260906\results\bcic2a\subject_9\preprocessing.log","0","e3b0c44298fc1c149afbf4c8996fb92427ae41e4649b934ca495991b7852b855"
"reports\single_seed_multi_exit\inference_analysis_20260906\results\bcic2a\subject_9\reliability_bins.csv","5183","ba87ed462dbdc5c0d7bbb7c88109aad9070ec574fa1cb15027cc4f240ad9fef7"
"reports\single_seed_multi_exit\inference_analysis_20260906\results\bcic2a\subject_9\report.json","9872","b9db22eb655a2a8a5ffc3d1493b1a03cc348e9c501c2da428e5c61858008cf6f"
"reports\single_seed_multi_exit\inference_analysis_20260906\results\bcic2b\subject_1\cache_build.log","1740","b931b536a4cd02447c5abf3fe95e28efb84276782dc72a708fd5f2cb3990d889"
"reports\single_seed_multi_exit\inference_analysis_20260906\results\bcic2b\subject_1\metrics.csv","666","430298695676e4fc6ca18eb5e5754838b8bb066633d8222a29a72a4e6eb6c9ab"
"reports\single_seed_multi_exit\inference_analysis_20260906\results\bcic2b\subject_1\preprocessing.log","0","e3b0c44298fc1c149afbf4c8996fb92427ae41e4649b934ca495991b7852b855"
"reports\single_seed_multi_exit\inference_analysis_20260906\results\bcic2b\subject_1\reliability_bins.csv","5140","74e853f97ef0841a74bcf147c580b6c1c80da3aa88eea2f890255ef75aeeba0e"
"reports\single_seed_multi_exit\inference_analysis_20260906\results\bcic2b\subject_1\report.json","8778","6cca0f3f6e31bdfc6c70745d974d68933761f2692e0ba68ca66ea23904366cce"
"reports\single_seed_multi_exit\inference_analysis_20260906\results\bcic2b\subject_2\cache_build.log","1740","81f8848568900fef2b7da3719d0cb31b676fb9b54471b9c41e9aa51a6c0798d1"
"reports\single_seed_multi_exit\inference_analysis_20260906\results\bcic2b\subject_2\metrics.csv","782","9d0692965c06363d7653f24de81ec7f2a9e71e2836b3c105c958b40cf4299876"
"reports\single_seed_multi_exit\inference_analysis_20260906\results\bcic2b\subject_2\preprocessing.log","0","e3b0c44298fc1c149afbf4c8996fb92427ae41e4649b934ca495991b7852b855"
"reports\single_seed_multi_exit\inference_analysis_20260906\results\bcic2b\subject_2\reliability_bins.csv","5234","c5633e17cf0d8f9a6b6dbc1494e950c8331ba697f290c1d882e50143ad66d010"
"reports\single_seed_multi_exit\inference_analysis_20260906\results\bcic2b\subject_2\report.json","8913","06aa436cc018fdee0ae7f4ef33675962e1ead2301a4ca420d9ef9b6218458165"
"reports\single_seed_multi_exit\inference_analysis_20260906\results\bcic2b\subject_3\cache_build.log","1740","b931b536a4cd02447c5abf3fe95e28efb84276782dc72a708fd5f2cb3990d889"
"reports\single_seed_multi_exit\inference_analysis_20260906\results\bcic2b\subject_3\metrics.csv","671","25d4ea72a2c11b52e09a217a649238afdc53ca696c7463324bd3df6fe9d61d9b"
"reports\single_seed_multi_exit\inference_analysis_20260906\results\bcic2b\subject_3\preprocessing.log","0","e3b0c44298fc1c149afbf4c8996fb92427ae41e4649b934ca495991b7852b855"
"reports\single_seed_multi_exit\inference_analysis_20260906\results\bcic2b\subject_3\reliability_bins.csv","5243","495321c7b7b284942675d082ec5ae88235ef8827a1863696d688a1a820bd73a5"
"reports\single_seed_multi_exit\inference_analysis_20260906\results\bcic2b\subject_3\report.json","8785","572ec3e2b078348ec75d9a8d5eea79154d7920bdb50dc198d04ec0e33fb1ba53"
"reports\single_seed_multi_exit\inference_analysis_20260906\results\bcic2b\subject_4\cache_build.log","1740","9f61c001200f4df28ea538f554868f209d59f55fbd88965eb0b7e43f55dcef66"
"reports\single_seed_multi_exit\inference_analysis_20260906\results\bcic2b\subject_4\metrics.csv","678","2fc39d6c45984d56bac1b63e4a00cceda8e422513c1bffbfb9fa2d6951694824"
"reports\single_seed_multi_exit\inference_analysis_20260906\results\bcic2b\subject_4\preprocessing.log","0","e3b0c44298fc1c149afbf4c8996fb92427ae41e4649b934ca495991b7852b855"
"reports\single_seed_multi_exit\inference_analysis_20260906\results\bcic2b\subject_4\reliability_bins.csv","4804","95704b7bb8acab9dca8de3a408b4493fd6627a51d7100b6e131ae965b006da34"
"reports\single_seed_multi_exit\inference_analysis_20260906\results\bcic2b\subject_4\report.json","8778","16cc1d09af3333c5eaae3fe8052a6c1ef4fb8e49afcf1fbb8f7cd3176efc7f93"
"reports\single_seed_multi_exit\inference_analysis_20260906\results\bcic2b\subject_5\cache_build.log","1740","9f61c001200f4df28ea538f554868f209d59f55fbd88965eb0b7e43f55dcef66"
"reports\single_seed_multi_exit\inference_analysis_20260906\results\bcic2b\subject_5\metrics.csv","673","1bd8788f0f22faa450bab8d78872269620fc35926217cf630dc67f6d7846859e"
"reports\single_seed_multi_exit\inference_analysis_20260906\results\bcic2b\subject_5\preprocessing.log","0","e3b0c44298fc1c149afbf4c8996fb92427ae41e4649b934ca495991b7852b855"
"reports\single_seed_multi_exit\inference_analysis_20260906\results\bcic2b\subject_5\reliability_bins.csv","4777","bd83d5a30e462880ac6e3f45ed228cd130d1a8330515748e91ff8ab9da68bbdf"
"reports\single_seed_multi_exit\inference_analysis_20260906\results\bcic2b\subject_5\report.json","8769","9231e9c7dcfe8de4458ba060d4bca7e0192a8211ad9fa93a5b6168d2ec4ac17b"
"reports\single_seed_multi_exit\inference_analysis_20260906\results\bcic2b\subject_6\cache_build.log","1740","b931b536a4cd02447c5abf3fe95e28efb84276782dc72a708fd5f2cb3990d889"
"reports\single_seed_multi_exit\inference_analysis_20260906\results\bcic2b\subject_6\metrics.csv","667","5a37ca581c978718909a1cf48f9c880c186c5d279769c5c89c1c904873d7d142"
"reports\single_seed_multi_exit\inference_analysis_20260906\results\bcic2b\subject_6\preprocessing.log","0","e3b0c44298fc1c149afbf4c8996fb92427ae41e4649b934ca495991b7852b855"
"reports\single_seed_multi_exit\inference_analysis_20260906\results\bcic2b\subject_6\reliability_bins.csv","5148","8e09ff0a76e4d7c1116077d1842535323da68d01ac409bf6d41826c1a8f57a38"
"reports\single_seed_multi_exit\inference_analysis_20260906\results\bcic2b\subject_6\report.json","8785","d578976a2b7891e024194a9e7479c9cf75e1ec1df2df9f7657508945dc52aab5"
"reports\single_seed_multi_exit\inference_analysis_20260906\results\bcic2b\subject_7\cache_build.log","1740","b931b536a4cd02447c5abf3fe95e28efb84276782dc72a708fd5f2cb3990d889"
"reports\single_seed_multi_exit\inference_analysis_20260906\results\bcic2b\subject_7\metrics.csv","666","cbb15548d6846eaf76a03e3aaa5c3be9b593a940a97d0091f008526938b4e5c0"
"reports\single_seed_multi_exit\inference_analysis_20260906\results\bcic2b\subject_7\preprocessing.log","0","e3b0c44298fc1c149afbf4c8996fb92427ae41e4649b934ca495991b7852b855"
"reports\single_seed_multi_exit\inference_analysis_20260906\results\bcic2b\subject_7\reliability_bins.csv","5031","fb31ec173af19d179e2c1e3efaf73115469b8a0a9fa38fe80b1c0d86061b578d"
"reports\single_seed_multi_exit\inference_analysis_20260906\results\bcic2b\subject_7\report.json","8776","4d2b725e0841b1df2b51abb9bfcdab1fc7cda22aade6e2e89b35cf33fa87c965"
"reports\single_seed_multi_exit\inference_analysis_20260906\results\bcic2b\subject_8\cache_build.log","1740","2258d5c273dbb5600d7edb558be824349f5d29843aa44c88560628651349bd6f"
"reports\single_seed_multi_exit\inference_analysis_20260906\results\bcic2b\subject_8\metrics.csv","677","9ddc87118749c86eb293d0290a5becbb1e7ea87b2899ce6fab1aa5f5af9cb3e8"
"reports\single_seed_multi_exit\inference_analysis_20260906\results\bcic2b\subject_8\preprocessing.log","0","e3b0c44298fc1c149afbf4c8996fb92427ae41e4649b934ca495991b7852b855"
"reports\single_seed_multi_exit\inference_analysis_20260906\results\bcic2b\subject_8\reliability_bins.csv","5151","1f2d088268d79286f18ce3d8b1e2aa02af96aa69b1702e45326b04f53c82b667"
"reports\single_seed_multi_exit\inference_analysis_20260906\results\bcic2b\subject_8\report.json","8798","80611ebb9cea18c47ffeab0df0f74a04f923f67157b4e11853440e1bd24bce2f"
"reports\single_seed_multi_exit\inference_analysis_20260906\results\bcic2b\subject_9\cache_build.log","1740","b931b536a4cd02447c5abf3fe95e28efb84276782dc72a708fd5f2cb3990d889"
"reports\single_seed_multi_exit\inference_analysis_20260906\results\bcic2b\subject_9\metrics.csv","659","577036a912d3023f413e280eed436608532ce852c3c15286dae7c6b5a72f04fd"
"reports\single_seed_multi_exit\inference_analysis_20260906\results\bcic2b\subject_9\preprocessing.log","0","e3b0c44298fc1c149afbf4c8996fb92427ae41e4649b934ca495991b7852b855"
"reports\single_seed_multi_exit\inference_analysis_20260906\results\bcic2b\subject_9\reliability_bins.csv","5221","f490749807661afa5ef516c855ef753f5892b082e80ae6cea3cae60623af279e"
"reports\single_seed_multi_exit\inference_analysis_20260906\results\bcic2b\subject_9\report.json","8752","ba26f4dc32ebeef4d891dce6672b77ac196adafcbe5c6b3242fb27869831d2c2"
"reports\single_seed_multi_exit\inference_analysis_20260906\reviewer_materials_preview\analysis_summary.json","3195","de8cc22066767d36aac66dae7e0856c78eb4f646cb55bca1c83921f91ee6fef5"
"reports\single_seed_multi_exit\inference_analysis_20260906\reviewer_materials_preview\build_preview.py","40959","d1a1157385f72d1918639141fc733b836182827a78615d7f0efb0557e3e11115"
"reports\single_seed_multi_exit\inference_analysis_20260906\reviewer_materials_preview\figure_captions.txt","5687","40067a719f73d313678cf7b34c00c61a7030199cf173e3f6840d8ab8b2566b36"
"reports\single_seed_multi_exit\inference_analysis_20260906\reviewer_materials_preview\figure_contract.json","1186","bbadf6d7cc14a17fd7eb5762c396a065e68740072bca2cf50648c547619d6e98"
"reports\single_seed_multi_exit\inference_analysis_20260906\reviewer_materials_preview\figures\01_calibration_summary.pdf","49330","400a81e7af68a144705c2fd7ad8889fd70a5f86beea81a71f7b9ca320a9b12ae"
"reports\single_seed_multi_exit\inference_analysis_20260906\reviewer_materials_preview\figures\01_calibration_summary.png","219918","b375d7e9213ecd84005f3c900301650528680d2607ce15d5b22121d7772362c0"
"reports\single_seed_multi_exit\inference_analysis_20260906\reviewer_materials_preview\figures\01_calibration_summary.svg","31175","e36004ad60d305fc0cf07f30b40eeaf9fabd015fda19d27c13951e346ce7469f"
"reports\single_seed_multi_exit\inference_analysis_20260906\reviewer_materials_preview\figures\02_reliability_overview.pdf","48915","e8aefa404f9d407cf5d9e7b8ff4de3ca7fa05c5481a43d342ab228ded1b9841c"
"reports\single_seed_multi_exit\inference_analysis_20260906\reviewer_materials_preview\figures\02_reliability_overview.png","225760","960faf2c5e00c78b69bdf54373024133657d5934c4b3e6f51cf0d2a1242b2c39"
"reports\single_seed_multi_exit\inference_analysis_20260906\reviewer_materials_preview\figures\02_reliability_overview.svg","46283","e4fe3c4c63df3c72b5ad81bf862c0279cfe4d8d2dbe880bf65eedae41e5f59d6"
"reports\single_seed_multi_exit\inference_analysis_20260906\reviewer_materials_preview\figures\03_reliability_all_exits_bcic2a.pdf","49954","faff3150aead18b19848897bc6bb75cc7512c117d7903986e46f9012496d6c99"
"reports\single_seed_multi_exit\inference_analysis_20260906\reviewer_materials_preview\figures\03_reliability_all_exits_bcic2a.png","274310","ee5c8d02a592d61fb75c15701c12c98ef4b13cebfc9470960b57d8f2f0e3ea71"
"reports\single_seed_multi_exit\inference_analysis_20260906\reviewer_materials_preview\figures\03_reliability_all_exits_bcic2a.svg","54621","7fb5c0aaf665d1c6c3e8ec66ecc7fb8706d0bcdadcf60016b2e32fa1c82f2e7c"
"reports\single_seed_multi_exit\inference_analysis_20260906\reviewer_materials_preview\figures\03_reliability_all_exits_bcic2b.pdf","50891","b98b26e56d9eec5c881af902776e6d3bbfb3e6da21c6ad862263946f93bea886"
"reports\single_seed_multi_exit\inference_analysis_20260906\reviewer_materials_preview\figures\03_reliability_all_exits_bcic2b.png","255642","566f74b26f3b88af217598e2eded6214c5ecd7ed8aa585bd20f7bb9460d9d33f"
"reports\single_seed_multi_exit\inference_analysis_20260906\reviewer_materials_preview\figures\03_reliability_all_exits_bcic2b.svg","52653","e6c0476b1314592c28fd599b3f8eda18362a9ed6eb83f0aae4bb71115db07d91"
"reports\single_seed_multi_exit\inference_analysis_20260906\reviewer_materials_preview\figures\04_weight_reliability_correlations.pdf","62995","c04137be8b87bc84c64c6abe9d2c3452e136fb616363cdcd9cd97e45900f087c"
"reports\single_seed_multi_exit\inference_analysis_20260906\reviewer_materials_preview\figures\04_weight_reliability_correlations.png","186838","52958679de250da3899bfe282d85ddace04483a88201e69493fecac2c0c77aea"
"reports\single_seed_multi_exit\inference_analysis_20260906\reviewer_materials_preview\figures\04_weight_reliability_correlations.svg","41082","9a092852c9402cb04f246e71bdcb1d08df2be6c0d9120a56b603473112235159"
"reports\single_seed_multi_exit\inference_analysis_20260906\reviewer_materials_preview\figures\05_subject_fusion_gains.pdf","47517","f6302db1ef0f3edc1d87992bfae62822e21bfdbc8262b26d94a7f4c0bc644046"
"reports\single_seed_multi_exit\inference_analysis_20260906\reviewer_materials_preview\figures\05_subject_fusion_gains.png","148533","c0896f4bc277786d295429702546a0c35f75af4b7b3997868e7d3bbfec2ebd5c"
"reports\single_seed_multi_exit\inference_analysis_20260906\reviewer_materials_preview\figures\05_subject_fusion_gains.svg","26676","4cb3d1494c3192d91bc331c1e23a61fb7717fb997c589a923ff1b2e1cb32f129"
"reports\single_seed_multi_exit\inference_analysis_20260906\reviewer_materials_preview\figures\06_logscale_error_scatter.pdf","50720","69f98f62c5a683649de0b21fe3b506376e432c89542736867fb55d84bcbbabf9"
"reports\single_seed_multi_exit\inference_analysis_20260906\reviewer_materials_preview\figures\06_logscale_error_scatter.png","248903","20cf515d986d54aa1b3ba4b80072ef9a5559ce1d1eb54b5b8ac842ab86d298c7"
"reports\single_seed_multi_exit\inference_analysis_20260906\reviewer_materials_preview\figures\06_logscale_error_scatter.svg","71195","0d42a053e01106619b2c7bb08fb9d708ee60e2de7ffa2769d3c6b85f7af5acac"
"reports\single_seed_multi_exit\inference_analysis_20260906\reviewer_materials_preview\figures\07_exit_complementarity.pdf","81283","a9ed9d18b1f9943db54f0ab497b585ab1d207b73dca97bc79a7a9141da0505cf"
"reports\single_seed_multi_exit\inference_analysis_20260906\reviewer_materials_preview\figures\07_exit_complementarity.png","210987","f470d881afe4921c59a88da8dd9f6d7d82a0215ddbee401bd6ed769b3922724b"
"reports\single_seed_multi_exit\inference_analysis_20260906\reviewer_materials_preview\figures\07_exit_complementarity.svg","63139","5492497d59290271fe01586a25d1563adad0d10bb0bdafc8644bd16577e61b6f"
"reports\single_seed_multi_exit\inference_analysis_20260906\reviewer_materials_preview\preview.html","12355","e366a915d28ed5e800ed4c1487040e246c5d8f3e87d5447ef84d1a88f62a42bb"
"reports\single_seed_multi_exit\inference_analysis_20260906\reviewer_materials_preview\qa_computational.json","1977","913bf37f6813801068557556d97d0d76b5880d6c30a69760a47dd2de32e28279"
"reports\single_seed_multi_exit\inference_analysis_20260906\reviewer_materials_preview\qa_visual_notes.txt","2738","245d8a0f592aa6e8dcb237a57ea76875cd41dab52573d92c5de273f7e411d046"
"reports\single_seed_multi_exit\inference_analysis_20260906\reviewer_materials_preview\reviewer_analysis_preview.pdf","103112","e1bbeccdf43c76c8acde8e00f12633f75ed8c6cf2719bbd0ac96e6fad650603d"
"reports\single_seed_multi_exit\inference_analysis_20260906\reviewer_materials_preview\source_fingerprints.json","289","10a6bd1bf0bbe5d42bf24fc51bf4863db17c499747e7a4c5e14a043ee79dac24"
"reports\single_seed_multi_exit\inference_analysis_20260906\reviewer_materials_preview\tables\calibration_summary.csv","955","5a9fefa9e7c8340d686570e08fdb05c8fec15f70f5b22f2a7ffc437f8d564a50"
"reports\single_seed_multi_exit\inference_analysis_20260906\reviewer_materials_preview\tables\exit_complementarity.csv","4902","cc0ec9c2d9acd58d8a3a6d7bdb23e3d345c4570b7513b7cf52c98a42e145cf5c"
"reports\single_seed_multi_exit\inference_analysis_20260906\reviewer_materials_preview\tables\learned_parameters_and_weights.csv","5844","31389e27c7ee59eab8683d07a241fd3342925cfc16c785de64abaaa97499426e"
"reports\single_seed_multi_exit\inference_analysis_20260906\reviewer_materials_preview\tables\reliability_bins_pooled.csv","12180","542bb8fb7ec79db637244e3b80ca4f059be9067d80292eb399d3248f14f06e18"
"reports\single_seed_multi_exit\inference_analysis_20260906\reviewer_materials_preview\tables\subject_fusion_gains.csv","2274","f23f5e9009bbbac55291578d8d623a30e31cfcaa0b797a3599ca2bee68cff759"
"reports\single_seed_multi_exit\inference_analysis_20260906\reviewer_materials_preview\tables\subject_metrics.csv","9169","fef908e7c6ba025f1fb836b39985968f59a59f1a92548c530767aa117185149f"
"reports\single_seed_multi_exit\inference_analysis_20260906\reviewer_materials_preview\tables\weight_reliability_correlations.csv","4791","d4dc20a813efb6e785ac3786f658aa0f6b8d1d29b5e5bdafdeba43e801c5f53e"
"reports\single_seed_multi_exit\inference_analysis_20260906\run_all.ps1","856","ec08aa585f993dbaf3b3aca34e6aa762d1d5af8012a2b93595a28e6532e049cc"
"reports\single_seed_multi_exit\inference_analysis_20260906\run_seed0_inference.py","18580","507466ef540fb272371fdd067d1423de47f44230f7cc286644f13197552cc11e"
"reports\single_seed_multi_exit\inference_analysis_20260906\status.json","379","e0b733dc3cdfaaaefbbc43185c53c54ef8a1c09dc999c3f9127fbe25d8fbe4f2"
"reports\single_seed_multi_exit\inference_analysis_20260906\summary.json","4180","a7358fd78f3e846afb3b9d7c37e553b8313c1969fe0a4f9f4451b9985437fef4"
"reports\single_seed_multi_exit\inference_analysis_20260906\verification.csv","985","a952416792f3a085525f955b408a7902b45f3a529459cf54b101ccd3e0cf3715"
"reports\single_seed_multi_exit\inference_analysis_20260906\verification.json","379","e0b733dc3cdfaaaefbbc43185c53c54ef8a1c09dc999c3f9127fbe25d8fbe4f2"
"reports\single_seed_multi_exit\inference_analysis_20260906\verify_results.py","5845","6586a4770d80e16bbe897adbcbbf5b4b9f3c44e630828b40456fdf4dbcd15064"
"reports\single_seed_multi_exit\original_training_runs\TCFormer_bcic2a_seed-0_aug-True_GPU0_20260503_1331\config.yaml","1735","09bd9abb40db4b7b73383ea32e4f622f3278910b5edef0ceabc7801183a600f8"
"reports\single_seed_multi_exit\original_training_runs\TCFormer_bcic2a_seed-0_aug-True_GPU0_20260503_1331\confmats\avg_confusion_matrix.png","42242","930596acea57a49723fbb684decea9673e36f0d1ebd086703fe27fd51ccbfd50"
"reports\single_seed_multi_exit\original_training_runs\TCFormer_bcic2a_seed-0_aug-True_GPU0_20260503_1331\confmats\confmat_subject_1.png","38288","c607597a067463b2ffef180453b5b6c228e2d2929c39c91c6d6991c4ac96c475"
"reports\single_seed_multi_exit\original_training_runs\TCFormer_bcic2a_seed-0_aug-True_GPU0_20260503_1331\confmats\confmat_subject_2.png","40971","9275e2b489f75269caccb7876ecf2a1a7ac895452fdd4304e1f8a8f54593360c"
"reports\single_seed_multi_exit\original_training_runs\TCFormer_bcic2a_seed-0_aug-True_GPU0_20260503_1331\confmats\confmat_subject_3.png","37408","c3379408646b0378ff88381e099930daf39b2e915a4287b31c6b0c2519b727e0"
"reports\single_seed_multi_exit\original_training_runs\TCFormer_bcic2a_seed-0_aug-True_GPU0_20260503_1331\confmats\confmat_subject_4.png","36866","06fac3f969345379e12281bba01a71a9a79cee81fc5145f839ca04d3a296edb1"
"reports\single_seed_multi_exit\original_training_runs\TCFormer_bcic2a_seed-0_aug-True_GPU0_20260503_1331\confmats\confmat_subject_5.png","41147","49f487673f79e1d9396bcccdb88f3475774dae62832e02be2002dbb83b80e3fd"
"reports\single_seed_multi_exit\original_training_runs\TCFormer_bcic2a_seed-0_aug-True_GPU0_20260503_1331\confmats\confmat_subject_6.png","42883","74d17dbee0235c81954cebac27746ca98a76b650c35b7de24ffac1850413da9c"
"reports\single_seed_multi_exit\original_training_runs\TCFormer_bcic2a_seed-0_aug-True_GPU0_20260503_1331\confmats\confmat_subject_7.png","38799","e7bfd6053dd5699c34fee4ac3b10d6621d3534fe9a8bd2db8ff21506ae5453fb"
"reports\single_seed_multi_exit\original_training_runs\TCFormer_bcic2a_seed-0_aug-True_GPU0_20260503_1331\confmats\confmat_subject_8.png","38036","9037007794fbedbf0db0350b742d740a1503906cb5982e6f281e6f98adb1bb8e"
"reports\single_seed_multi_exit\original_training_runs\TCFormer_bcic2a_seed-0_aug-True_GPU0_20260503_1331\confmats\confmat_subject_9.png","39824","2b35db2f8b92f29eab05de5856c9bf41161348abc7cf76fe71dc05dd244c15ee"
"reports\single_seed_multi_exit\original_training_runs\TCFormer_bcic2a_seed-0_aug-True_GPU0_20260503_1331\curves\subject_1_acc.png","41234","583529ca3fafd875777ea5b70835c752caef37eb7c149815a6bc7b602216f934"
"reports\single_seed_multi_exit\original_training_runs\TCFormer_bcic2a_seed-0_aug-True_GPU0_20260503_1331\curves\subject_1_loss.png","39434","9c935f01f5b8505fd27b93440fd8b758beed9cd8f0ee2830607b63396eb37ffd"
"reports\single_seed_multi_exit\original_training_runs\TCFormer_bcic2a_seed-0_aug-True_GPU0_20260503_1331\curves\subject_2_acc.png","48927","af82fcbf151d42b21904b1d2fcaf42e68bbd466e0de93c3d4c11f38b9374bf0b"
"reports\single_seed_multi_exit\original_training_runs\TCFormer_bcic2a_seed-0_aug-True_GPU0_20260503_1331\curves\subject_2_loss.png","42901","a28ba74e8bc7719317cc28ebd900f83057cf6da5b2dc55c8af5274f6f13dbc02"
"reports\single_seed_multi_exit\original_training_runs\TCFormer_bcic2a_seed-0_aug-True_GPU0_20260503_1331\curves\subject_3_acc.png","39648","2dd9b28b8b2cb0192078c96dde74634beba154c49f43c0d1c424c36548685c85"
"reports\single_seed_multi_exit\original_training_runs\TCFormer_bcic2a_seed-0_aug-True_GPU0_20260503_1331\curves\subject_3_loss.png","39494","044802acce36e4e01330f606a78a6b4328e96e940604bda18f897a5d43271d26"
"reports\single_seed_multi_exit\original_training_runs\TCFormer_bcic2a_seed-0_aug-True_GPU0_20260503_1331\curves\subject_4_acc.png","39242","b9a576333f2750dae266fa7283fd4ff8a9b2dc6f947d6a55645cf91911a3b4f4"
"reports\single_seed_multi_exit\original_training_runs\TCFormer_bcic2a_seed-0_aug-True_GPU0_20260503_1331\curves\subject_4_loss.png","41055","698dc35b78815d1b911825b987f62cfc6550aa4e9b86b06a7be27992f9fdbd3f"
"reports\single_seed_multi_exit\original_training_runs\TCFormer_bcic2a_seed-0_aug-True_GPU0_20260503_1331\curves\subject_5_acc.png","41108","daeb1ed892e5cdbe53569c9d0582a2b066f9c44a3d32059ca2eebbab9b3107a5"
"reports\single_seed_multi_exit\original_training_runs\TCFormer_bcic2a_seed-0_aug-True_GPU0_20260503_1331\curves\subject_5_loss.png","41220","3e670b463575a6fbc5edef827f2ece5081e464441faae3deac3257ca2f04d0db"
"reports\single_seed_multi_exit\original_training_runs\TCFormer_bcic2a_seed-0_aug-True_GPU0_20260503_1331\curves\subject_6_acc.png","42182","78f82447e64d9723d7e543d24152284633b54108b27686bf7c4f5c3d83ebb50a"
"reports\single_seed_multi_exit\original_training_runs\TCFormer_bcic2a_seed-0_aug-True_GPU0_20260503_1331\curves\subject_6_loss.png","40995","bcf32233d172e30ba3232f959acc41d1f9547c452220c042169c3175a35c165b"
"reports\single_seed_multi_exit\original_training_runs\TCFormer_bcic2a_seed-0_aug-True_GPU0_20260503_1331\curves\subject_7_acc.png","41397","82599bafbf4de412e72d7b7d187731cafc0198db2c5ae8fcc68d07b7979e4017"
"reports\single_seed_multi_exit\original_training_runs\TCFormer_bcic2a_seed-0_aug-True_GPU0_20260503_1331\curves\subject_7_loss.png","40409","e621c2863bbd2af1d9f441d7ee1d3529eda0949a92f263b218aa44fd4840f398"
"reports\single_seed_multi_exit\original_training_runs\TCFormer_bcic2a_seed-0_aug-True_GPU0_20260503_1331\curves\subject_8_acc.png","38181","07ad4d7f6ce963ea7bd0a4dc0a9ecdc78b2925bf39f105d3369c2a2d394d4ad9"
"reports\single_seed_multi_exit\original_training_runs\TCFormer_bcic2a_seed-0_aug-True_GPU0_20260503_1331\curves\subject_8_loss.png","39987","6be4e9fbf78bfd93b315a46b50b49307f169f476b592a523b57bdb01504a1893"
"reports\single_seed_multi_exit\original_training_runs\TCFormer_bcic2a_seed-0_aug-True_GPU0_20260503_1331\curves\subject_9_acc.png","36597","0bdc1ad0d7f2feb4ea1c8ec42ad41647b019ce9d1c3a924dd0569a3bd94ed3eb"
"reports\single_seed_multi_exit\original_training_runs\TCFormer_bcic2a_seed-0_aug-True_GPU0_20260503_1331\curves\subject_9_loss.png","38524","6049e30fbcf3d86a9d427905e61e70d2bdb67cfab01c9eee6608d4bc64eeb19d"
"reports\single_seed_multi_exit\original_training_runs\TCFormer_bcic2a_seed-0_aug-True_GPU0_20260503_1331\results.txt","2396","3467bd3005450a3606e73ad38175252370993306469984d3e1e8ad78a7a3e4da"
"reports\single_seed_multi_exit\original_training_runs\TCFormer_bcic2b_seed-0_aug-True_GPU0_20260507_183904\config.yaml","1810","a76cd3ca66869fb7ed319337c2e9d0f7e72af8559a443efb089d738ee601bfc2"
"reports\single_seed_multi_exit\original_training_runs\TCFormer_bcic2b_seed-0_aug-True_GPU0_20260507_183904\confmats\avg_confusion_matrix.png","28529","91deeffb23676ec63ddab82f7ebf213befe3e2e75a11cebd18b2e110c4af1d85"
"reports\single_seed_multi_exit\original_training_runs\TCFormer_bcic2b_seed-0_aug-True_GPU0_20260507_183904\confmats\confmat_subject_1.png","28149","64139d25cf90057a804974c05a07e25d4fd6d8ac20bb73ed3ed137b8b59c023d"
"reports\single_seed_multi_exit\original_training_runs\TCFormer_bcic2b_seed-0_aug-True_GPU0_20260507_183904\confmats\confmat_subject_2.png","28228","97282a3310006a2a2f3fcba1a68a83b0d4a8a2878218ca2aed62192ead6ee21c"
"reports\single_seed_multi_exit\original_training_runs\TCFormer_bcic2b_seed-0_aug-True_GPU0_20260507_183904\confmats\confmat_subject_3.png","28049","569067a8e0d3234b5eb0bb5b15713ffe7c932b146c0b843b4c8b1dfae354c811"
"reports\single_seed_multi_exit\original_training_runs\TCFormer_bcic2b_seed-0_aug-True_GPU0_20260507_183904\confmats\confmat_subject_4.png","25855","320c8096006927b5839d99569e1527f7d0228f7b86805c5f975a0ee2b0c89fa1"
"reports\single_seed_multi_exit\original_training_runs\TCFormer_bcic2b_seed-0_aug-True_GPU0_20260507_183904\confmats\confmat_subject_5.png","25998","8f6991f44fee8e88b08c36c747d9589d2fdbbe01f3ab8bbf45cc83be09d8103b"
"reports\single_seed_multi_exit\original_training_runs\TCFormer_bcic2b_seed-0_aug-True_GPU0_20260507_183904\confmats\confmat_subject_6.png","28281","1c2536572c66c94c211e1b3fc327e7e33b58008e23fcb8c61c9b5250e1988981"
"reports\single_seed_multi_exit\original_training_runs\TCFormer_bcic2b_seed-0_aug-True_GPU0_20260507_183904\confmats\confmat_subject_7.png","27617","770bb8d6f5d73cf532c596bffd20bb59226e8c1133ced86589239b2db78f5885"
"reports\single_seed_multi_exit\original_training_runs\TCFormer_bcic2b_seed-0_aug-True_GPU0_20260507_183904\confmats\confmat_subject_8.png","26399","521dac43e2bf11a6c8de4d9f2f2c43beb5fbc175f090b74d600021df5c4eaf73"
"reports\single_seed_multi_exit\original_training_runs\TCFormer_bcic2b_seed-0_aug-True_GPU0_20260507_183904\confmats\confmat_subject_9.png","28755","d32fdc7db2df3bfdfcc86906d0f68f90bf8c395868130f3879686d3fee31b27a"
"reports\single_seed_multi_exit\original_training_runs\TCFormer_bcic2b_seed-0_aug-True_GPU0_20260507_183904\curves\subject_1_acc.png","48281","9a0aa79b12e9fda9d9eae461458e59a90d38ab9ff2dc7108ea3ab0fc49124afd"
"reports\single_seed_multi_exit\original_training_runs\TCFormer_bcic2b_seed-0_aug-True_GPU0_20260507_183904\curves\subject_1_loss.png","50774","a7010a4373e9edd2ce6ba5550d76e31d4b69ae80ad24bc3b322d20666fc82ead"
"reports\single_seed_multi_exit\original_training_runs\TCFormer_bcic2b_seed-0_aug-True_GPU0_20260507_183904\curves\subject_2_acc.png","46821","ebe9b22c17bc22371cde3127455049a9c66656dd37c91767c69f5975e15166d3"
"reports\single_seed_multi_exit\original_training_runs\TCFormer_bcic2b_seed-0_aug-True_GPU0_20260507_183904\curves\subject_2_loss.png","46993","8034f573b8d01a6858c12228b8a8cb2d9884b65c88909626ccf2b31f87154873"
"reports\single_seed_multi_exit\original_training_runs\TCFormer_bcic2b_seed-0_aug-True_GPU0_20260507_183904\curves\subject_3_acc.png","45502","1c77d937568e1acec65bf147a0698a29616c1dc149ffe7500092c2f836735183"
"reports\single_seed_multi_exit\original_training_runs\TCFormer_bcic2b_seed-0_aug-True_GPU0_20260507_183904\curves\subject_3_loss.png","45290","0d08c3a58a632e1f2aab3159ba70ecf4bde8a459b118ab6fbf6ad455fdeb2c34"
"reports\single_seed_multi_exit\original_training_runs\TCFormer_bcic2b_seed-0_aug-True_GPU0_20260507_183904\curves\subject_4_acc.png","37683","e206ea2514be8fe75081e2d8c4d9239c092449a3651a2194779f74900cf044a1"
"reports\single_seed_multi_exit\original_training_runs\TCFormer_bcic2b_seed-0_aug-True_GPU0_20260507_183904\curves\subject_4_loss.png","37376","d143fef1259f27c09e7ab5c4bbaee25edd5dfe8a3ca1367bb336b83f20b5edfc"
"reports\single_seed_multi_exit\original_training_runs\TCFormer_bcic2b_seed-0_aug-True_GPU0_20260507_183904\curves\subject_5_acc.png","44302","70fba34db454bae88192c5f22b8403e7feebba2bcd448406daf88913ba78b141"
"reports\single_seed_multi_exit\original_training_runs\TCFormer_bcic2b_seed-0_aug-True_GPU0_20260507_183904\curves\subject_5_loss.png","45267","c19445eced84ae99ec859911200eaa4e36fa5cebb26782d9e11ebf1664bf1522"
"reports\single_seed_multi_exit\original_training_runs\TCFormer_bcic2b_seed-0_aug-True_GPU0_20260507_183904\curves\subject_6_acc.png","44977","883c06ebf3a074adbf8dbce070867e99f0f85de2e321e769b4fe6eca2e15c136"
"reports\single_seed_multi_exit\original_training_runs\TCFormer_bcic2b_seed-0_aug-True_GPU0_20260507_183904\curves\subject_6_loss.png","44929","0a38581c81eadae521b026ed28eb18631fd18637e95ce834b6abf02e44a5db91"
"reports\single_seed_multi_exit\original_training_runs\TCFormer_bcic2b_seed-0_aug-True_GPU0_20260507_183904\curves\subject_7_acc.png","41497","5ea92ccde534ce798954754fea99eacc497bfd013c1f240cb79ffece0758ba94"
"reports\single_seed_multi_exit\original_training_runs\TCFormer_bcic2b_seed-0_aug-True_GPU0_20260507_183904\curves\subject_7_loss.png","41268","e655eb7387588fa07d131d91056b46ba48ad8614823d27db66560ae2866bb226"
"reports\single_seed_multi_exit\original_training_runs\TCFormer_bcic2b_seed-0_aug-True_GPU0_20260507_183904\curves\subject_8_acc.png","44177","f509096180b0b90870a7d10ef3e6be518ac0d9622bd78027caa8d8187b9c89e7"
"reports\single_seed_multi_exit\original_training_runs\TCFormer_bcic2b_seed-0_aug-True_GPU0_20260507_183904\curves\subject_8_loss.png","44098","b93a801a8ad7dae9ff8d3ce58387e66acafe15f47db4c6bcaafc6779d6d97441"
"reports\single_seed_multi_exit\original_training_runs\TCFormer_bcic2b_seed-0_aug-True_GPU0_20260507_183904\curves\subject_9_acc.png","46678","ffb9f561c791877a48a592d4e76e15a6590bee3e63dc9760127d8c1c776a4fb7"
"reports\single_seed_multi_exit\original_training_runs\TCFormer_bcic2b_seed-0_aug-True_GPU0_20260507_183904\curves\subject_9_loss.png","46792","df736d167f72693f2d9018e8f91c283ffde493a2337d54fa8879c7a9d1befb8a"
"reports\single_seed_multi_exit\original_training_runs\TCFormer_bcic2b_seed-0_aug-True_GPU0_20260507_183904\live_progress.txt","154","f902717b948a2e13a18860fb980c93527b46a975530f9ab222c42d395c7f11aa"
"reports\single_seed_multi_exit\original_training_runs\TCFormer_bcic2b_seed-0_aug-True_GPU0_20260507_183904\results.txt","2396","60d138174c245d4894b6b1b693e7dab6b7c6c12ad9a518b3b73ffc786abb2220"
"reports\single_seed_multi_exit\original_training_runs\TCFormer_bcic2b_seed-0_aug-True_GPU0_20260507_183904\subject_1_progress.txt","154","24b4764a8f30a0cba61ecfc8333da3595ecd1a951b560fcc1f8e0856eab53d83"
"reports\single_seed_multi_exit\original_training_runs\TCFormer_bcic2b_seed-0_aug-True_GPU0_20260507_183904\subject_2_progress.txt","154","12331820d3c8de2fae0a17d066a69348fe5ee0ac8e57b65b2346903b4dffd96d"
"reports\single_seed_multi_exit\original_training_runs\TCFormer_bcic2b_seed-0_aug-True_GPU0_20260507_183904\subject_3_progress.txt","154","c1cd51215be7590b353b89fe28c74ae1ac4e81fead25c83b37feaa2655b5c05e"
"reports\single_seed_multi_exit\original_training_runs\TCFormer_bcic2b_seed-0_aug-True_GPU0_20260507_183904\subject_4_progress.txt","154","b5ec357e8c03c860d905937516d278937b01c88077499231c71b12fda660e808"
"reports\single_seed_multi_exit\original_training_runs\TCFormer_bcic2b_seed-0_aug-True_GPU0_20260507_183904\subject_5_progress.txt","154","6ff70b9f960796436282cfba825a138d6e84d3154db3c7605dcdb2423dc8dbe7"
"reports\single_seed_multi_exit\original_training_runs\TCFormer_bcic2b_seed-0_aug-True_GPU0_20260507_183904\subject_6_progress.txt","154","9a3471cd55da3303d2eb79c141b17563ffd33a1205b011f18941720588c44fb9"
"reports\single_seed_multi_exit\original_training_runs\TCFormer_bcic2b_seed-0_aug-True_GPU0_20260507_183904\subject_7_progress.txt","154","29c06e9bb66aa54dd9133e15a9d1115c71d23fc834dbbbd1df5a3b1912991142"
"reports\single_seed_multi_exit\original_training_runs\TCFormer_bcic2b_seed-0_aug-True_GPU0_20260507_183904\subject_8_progress.txt","154","50f19bc5f63a930929ec1a343cba23088fa85f50cec8aaa334fb67b435280caf"
"reports\single_seed_multi_exit\original_training_runs\TCFormer_bcic2b_seed-0_aug-True_GPU0_20260507_183904\subject_9_progress.txt","154","f902717b948a2e13a18860fb980c93527b46a975530f9ab222c42d395c7f11aa"
"reports\single_seed_multi_exit\visual_report_20260503_1331\assets\overall_dashboard.png","1362638","729c217d5165fe2c9190506eea6c15653d0f0aa98bcb80aa10bd248daa090348"
"reports\single_seed_multi_exit\visual_report_20260503_1331\assets\overall_electrodes.png","90415","a1ccd9efd40df13c4236328dd0453858a405c78d466b6df0db89f9a8f4ed5477"
"reports\single_seed_multi_exit\visual_report_20260503_1331\assets\overall_metrics.png","140947","8662ee3dd34f1c6f08c74211998ab935675b24dbbffc28124470112a880acb9f"
"reports\single_seed_multi_exit\visual_report_20260503_1331\assets\overall_subject_gallery.png","3398781","dae1874387bfecd288f48d29c7d8f67b1eaaaaa753d362348d22e28e0959a073"
"reports\single_seed_multi_exit\visual_report_20260503_1331\assets\TCFormer_bcic2a_seed-0_aug-True_GPU0_20260503_1331_subject1_sample8\all_stages_heatmap.png","844895","d6bcbb04a5cdee9b01a911d308bd93a0b9e576ec6dfef67413f69c313dd24d7c"
"reports\single_seed_multi_exit\visual_report_20260503_1331\assets\TCFormer_bcic2a_seed-0_aug-True_GPU0_20260503_1331_subject1_sample8\channel_importance_gradxinput.png","73729","387ab6d309a1ccbdeeb8010fdcf32bfb49e6d022339fe5a7a905fdfcae7e7766"
"reports\single_seed_multi_exit\visual_report_20260503_1331\assets\TCFormer_bcic2a_seed-0_aug-True_GPU0_20260503_1331_subject1_sample8\channel_importance_saliency.png","69352","c1aac3d418e506ec3c1186f1ce97bc449e2e055f9a0ead43829a839a7084a073"
"reports\single_seed_multi_exit\visual_report_20260503_1331\assets\TCFormer_bcic2a_seed-0_aug-True_GPU0_20260503_1331_subject1_sample8\channel_topomap_gradxinput.png","187512","f1b098df8af54b0804856e317d3a89f44738ab869b31c92c0f136a046bdcc720"
"reports\single_seed_multi_exit\visual_report_20260503_1331\assets\TCFormer_bcic2a_seed-0_aug-True_GPU0_20260503_1331_subject1_sample8\channel_topomap_saliency.png","187598","b211c4902f6d16443a1d597dc50ba4cb480c4e535a1391bcf83345916ee7f1fe"
"reports\single_seed_multi_exit\visual_report_20260503_1331\assets\TCFormer_bcic2a_seed-0_aug-True_GPU0_20260503_1331_subject1_sample8\conv_features.png","54192","9a30025586abb0892013138d75a79ff2e84c6e68ab46fec376b7de837b78b681"
"reports\single_seed_multi_exit\visual_report_20260503_1331\assets\TCFormer_bcic2a_seed-0_aug-True_GPU0_20260503_1331_subject1_sample8\deep_routed.png","53156","d8d5a66d96db077ca4836f711a7c18d17129c031a72e1ae73498fe12e9bc60e5"
"reports\single_seed_multi_exit\visual_report_20260503_1331\assets\TCFormer_bcic2a_seed-0_aug-True_GPU0_20260503_1331_subject1_sample8\final_routed.png","58820","b95d33c8a89c62625907e44e78fcf4f71859f9ce97e34e3ebcbc9729f6aa63b0"
"reports\single_seed_multi_exit\visual_report_20260503_1331\assets\TCFormer_bcic2a_seed-0_aug-True_GPU0_20260503_1331_subject1_sample8\input_importance.json","28199","a6d9759f88303afd2073f1354f37398bd142a5e07894a3c36294d617e5643689"
"reports\single_seed_multi_exit\visual_report_20260503_1331\assets\TCFormer_bcic2a_seed-0_aug-True_GPU0_20260503_1331_subject1_sample8\interpretation_notes_zh.md","3208","74f687872a00bf32e0c5008b56bd6bc7dba0f4bfd20d51bcf320b94b6eea2fe5"
"reports\single_seed_multi_exit\visual_report_20260503_1331\assets\TCFormer_bcic2a_seed-0_aug-True_GPU0_20260503_1331_subject1_sample8\interpretation_notes.md","1714","4477930da90aa5e9faba00bc631360b0e9c74a2a41201b61f4662a3b09bb283e"
"reports\single_seed_multi_exit\visual_report_20260503_1331\assets\TCFormer_bcic2a_seed-0_aug-True_GPU0_20260503_1331_subject1_sample8\mid_routed.png","53771","339151ae99adb3b7d6820374ac93f9e9f92f7da1aeda5ae4e9685af06938459c"
"reports\single_seed_multi_exit\visual_report_20260503_1331\assets\TCFormer_bcic2a_seed-0_aug-True_GPU0_20260503_1331_subject1_sample8\paper_overview_figure.png","1303974","82b0a8dabcf52f026c9209d2406f247b7eca3fab43f53f7673482c97ca24d9ae"
"reports\single_seed_multi_exit\visual_report_20260503_1331\assets\TCFormer_bcic2a_seed-0_aug-True_GPU0_20260503_1331_subject1_sample8\prediction_summary.json","1423","3a5b2f9564948cafab01b390da83a8ab29703c1ec00696fc38ca326ba067a95d"
"reports\single_seed_multi_exit\visual_report_20260503_1331\assets\TCFormer_bcic2a_seed-0_aug-True_GPU0_20260503_1331_subject1_sample8\raw_signal.png","772580","00ae1308861f2a22255f732c66a6f45373a80938dd10a36f8eea094891aaf16e"
"reports\single_seed_multi_exit\visual_report_20260503_1331\assets\TCFormer_bcic2a_seed-0_aug-True_GPU0_20260503_1331_subject1_sample8\shallow_routed.png","61223","dea262e5682d8e81e99f830b9b8de1b8b7ca9f2f6532c541b9cc9f77bb20a2fd"
"reports\single_seed_multi_exit\visual_report_20260503_1331\assets\TCFormer_bcic2a_seed-0_aug-True_GPU0_20260503_1331_subject1_sample8\stage_features.npz","84379","e061714339361ed5273ec101f0ba30f2f685c41fd370a4b589176ae461210836"
"reports\single_seed_multi_exit\visual_report_20260503_1331\assets\TCFormer_bcic2a_seed-0_aug-True_GPU0_20260503_1331_subject1_sample8\tcn_features.png","57520","2e85d95424bbe2e88eb495f3f44b11f75efb74b5bd08f00c5c843900c9ecce1f"
"reports\single_seed_multi_exit\visual_report_20260503_1331\assets\TCFormer_bcic2a_seed-0_aug-True_GPU0_20260503_1331_subject2_sample1\all_stages_heatmap.png","645719","638939e94274bfc355b5ddf16e1bd8082f9c1baef7c2ed3f8e0bc6cf00188107"
"reports\single_seed_multi_exit\visual_report_20260503_1331\assets\TCFormer_bcic2a_seed-0_aug-True_GPU0_20260503_1331_subject2_sample1\channel_importance_gradxinput.png","79530","db2aa659fd2b8ef4002f262911820c22eb15f58a00875ac86049a1b6ec03f409"
"reports\single_seed_multi_exit\visual_report_20260503_1331\assets\TCFormer_bcic2a_seed-0_aug-True_GPU0_20260503_1331_subject2_sample1\channel_importance_saliency.png","73458","420405dc198d1391adaae8010a5387e6890b2aa1a9b79031dd4f68153e5b964b"
"reports\single_seed_multi_exit\visual_report_20260503_1331\assets\TCFormer_bcic2a_seed-0_aug-True_GPU0_20260503_1331_subject2_sample1\channel_topomap_gradxinput.png","187319","e85500ea96836c6e6c029d21f21f92421d05cee951cc68299c1be3b4d80e2074"
"reports\single_seed_multi_exit\visual_report_20260503_1331\assets\TCFormer_bcic2a_seed-0_aug-True_GPU0_20260503_1331_subject2_sample1\channel_topomap_saliency.png","193148","4d19aa856c50408d471063e854220f2c46f04202c9e43951d04ccdcbc24dd335"
"reports\single_seed_multi_exit\visual_report_20260503_1331\assets\TCFormer_bcic2a_seed-0_aug-True_GPU0_20260503_1331_subject2_sample1\conv_features.png","53130","07917e4ec0dae4a5a38f31c5fb7428b009ba733375978b4a2cc14d311d25e77e"
"reports\single_seed_multi_exit\visual_report_20260503_1331\assets\TCFormer_bcic2a_seed-0_aug-True_GPU0_20260503_1331_subject2_sample1\deep_routed.png","56084","cc5c90e987144a4d10a56d43f366f90199116a8a9946e0d6376961b1b0b9ebbd"
"reports\single_seed_multi_exit\visual_report_20260503_1331\assets\TCFormer_bcic2a_seed-0_aug-True_GPU0_20260503_1331_subject2_sample1\final_routed.png","60235","7225cd6cac870dc92001ceb2243517e44edbe875c241b5a333d2c3907c4e4ad1"
"reports\single_seed_multi_exit\visual_report_20260503_1331\assets\TCFormer_bcic2a_seed-0_aug-True_GPU0_20260503_1331_subject2_sample1\input_importance.json","28611","64ec44ca610a5d768fb0ddb1902521fc736b0b34f5884439930af6a31a2b997e"
"reports\single_seed_multi_exit\visual_report_20260503_1331\assets\TCFormer_bcic2a_seed-0_aug-True_GPU0_20260503_1331_subject2_sample1\interpretation_notes_zh.md","3203","65f6e58a9c2a3f91b6969a68acaccebc08090ef54dd432584013e2fe2bc0551a"
"reports\single_seed_multi_exit\visual_report_20260503_1331\assets\TCFormer_bcic2a_seed-0_aug-True_GPU0_20260503_1331_subject2_sample1\interpretation_notes.md","1709","acde12dfc7859e02d06c6041d25f20aa503e1aed37e8f85316a27d551df08c1c"
"reports\single_seed_multi_exit\visual_report_20260503_1331\assets\TCFormer_bcic2a_seed-0_aug-True_GPU0_20260503_1331_subject2_sample1\mid_routed.png","54897","1537a8d60c1c553807e988531dd7131f886bcc22f1556f40e2d0ef37c32b0d45"
"reports\single_seed_multi_exit\visual_report_20260503_1331\assets\TCFormer_bcic2a_seed-0_aug-True_GPU0_20260503_1331_subject2_sample1\paper_overview_figure.png","1261289","a005e8f0c4da1ab8cbd63a9937e0fb0d70ecfa34e8c0a86aad8df25bb18564bb"
"reports\single_seed_multi_exit\visual_report_20260503_1331\assets\TCFormer_bcic2a_seed-0_aug-True_GPU0_20260503_1331_subject2_sample1\prediction_summary.json","1420","9b8f0992a28fc18ac02cdc4e4e89de0be3327f66367be4d57abc5a139439e672"
"reports\single_seed_multi_exit\visual_report_20260503_1331\assets\TCFormer_bcic2a_seed-0_aug-True_GPU0_20260503_1331_subject2_sample1\raw_signal.png","498542","bfd242f0c32cccbdb6a97736ba818f10fae1b8e45693a956d983ca2a287020fd"
"reports\single_seed_multi_exit\visual_report_20260503_1331\assets\TCFormer_bcic2a_seed-0_aug-True_GPU0_20260503_1331_subject2_sample1\shallow_routed.png","57072","ea3b6324af1e48b6d3e454d7861892c1763c3a765264adb9bfc5df3ef074b2da"
"reports\single_seed_multi_exit\visual_report_20260503_1331\assets\TCFormer_bcic2a_seed-0_aug-True_GPU0_20260503_1331_subject2_sample1\stage_features.npz","86610","2e0ae16aa60f9ee879b42b781327b369c0228257b819e7622818eda527bc32ae"
"reports\single_seed_multi_exit\visual_report_20260503_1331\assets\TCFormer_bcic2a_seed-0_aug-True_GPU0_20260503_1331_subject2_sample1\tcn_features.png","59121","0164519f959de7ffd314812ee6ca8d7b382f082041ee8b10fbc4330c33b5adc2"
"reports\single_seed_multi_exit\visual_report_20260503_1331\assets\TCFormer_bcic2a_seed-0_aug-True_GPU0_20260503_1331_subject3_sample0\all_stages_heatmap.png","796570","bab673f721e5e234458373dcf3a838ec38e73aa9d6b99a5ac54a12f8e237bd1d"
"reports\single_seed_multi_exit\visual_report_20260503_1331\assets\TCFormer_bcic2a_seed-0_aug-True_GPU0_20260503_1331_subject3_sample0\channel_importance_gradxinput.png","87590","d294fcfd4c84aea9b780a2d021b21b6014dc58da5836cfdf82e937846094c76f"
"reports\single_seed_multi_exit\visual_report_20260503_1331\assets\TCFormer_bcic2a_seed-0_aug-True_GPU0_20260503_1331_subject3_sample0\channel_importance_saliency.png","76594","a0386a71b8dae1b666acde1752b3fd43647d789f0fbf4fbd67a6df9167a9cb69"
"reports\single_seed_multi_exit\visual_report_20260503_1331\assets\TCFormer_bcic2a_seed-0_aug-True_GPU0_20260503_1331_subject3_sample0\channel_topomap_gradxinput.png","192522","e5e574fdae78f4b0eb3f97e71ed74b9cbc039895ce5e2a7215cf0be63ae73b39"
"reports\single_seed_multi_exit\visual_report_20260503_1331\assets\TCFormer_bcic2a_seed-0_aug-True_GPU0_20260503_1331_subject3_sample0\channel_topomap_saliency.png","185600","ec5b28c4a3bd32766ba1efbba10311c9d1b9e64e11048901611f6b606adf31d9"
"reports\single_seed_multi_exit\visual_report_20260503_1331\assets\TCFormer_bcic2a_seed-0_aug-True_GPU0_20260503_1331_subject3_sample0\conv_features.png","52863","99e7236baae438c7e296330b0ab4c2730facec27e3ade686ab14e40fe771768f"
"reports\single_seed_multi_exit\visual_report_20260503_1331\assets\TCFormer_bcic2a_seed-0_aug-True_GPU0_20260503_1331_subject3_sample0\deep_routed.png","56180","4c1543c772bb68614ca039761b5ad36f76d08628d4a2998bce641debd7137b5d"
"reports\single_seed_multi_exit\visual_report_20260503_1331\assets\TCFormer_bcic2a_seed-0_aug-True_GPU0_20260503_1331_subject3_sample0\final_routed.png","58501","b75fddd769a4c72a4e439e017a22c60c0e3eafae3301a91cd70e728a98ebdf3d"
"reports\single_seed_multi_exit\visual_report_20260503_1331\assets\TCFormer_bcic2a_seed-0_aug-True_GPU0_20260503_1331_subject3_sample0\input_importance.json","29518","a61f52bf8cd2236b64a7a0985ebcb0dcc7ff004da59ee53bedca5ab8ded31bce"
"reports\single_seed_multi_exit\visual_report_20260503_1331\assets\TCFormer_bcic2a_seed-0_aug-True_GPU0_20260503_1331_subject3_sample0\interpretation_notes_zh.md","3208","12060c7d030c2f8780e8303794d8ab9ff408edce3a084c2200e5ea99758aa939"
"reports\single_seed_multi_exit\visual_report_20260503_1331\assets\TCFormer_bcic2a_seed-0_aug-True_GPU0_20260503_1331_subject3_sample0\interpretation_notes.md","1714","5c467d3b88f517489581dd053f54a9070b7d9d705a62831841940a6285a0a371"
"reports\single_seed_multi_exit\visual_report_20260503_1331\assets\TCFormer_bcic2a_seed-0_aug-True_GPU0_20260503_1331_subject3_sample0\mid_routed.png","55098","64f69190cab4e4a27792955e9fb048f4651d4afc8950664435f4f5278ba29a9b"
"reports\single_seed_multi_exit\visual_report_20260503_1331\assets\TCFormer_bcic2a_seed-0_aug-True_GPU0_20260503_1331_subject3_sample0\paper_overview_figure.png","196763","2909ec636e5a14ef26bca66c33c1db4ef88be6f596dcdbe7b4ae85b796d5540a"
"reports\single_seed_multi_exit\visual_report_20260503_1331\assets\TCFormer_bcic2a_seed-0_aug-True_GPU0_20260503_1331_subject3_sample0\prediction_summary.json","1421","e36fc09431e7c441ac7309969771c41da26b1df005026721bc33cbdebc4b63ce"
"reports\single_seed_multi_exit\visual_report_20260503_1331\assets\TCFormer_bcic2a_seed-0_aug-True_GPU0_20260503_1331_subject3_sample0\raw_signal.png","717533","ac83a7b3f9e398533610b1f64b6a4b11642e9200976abb2a0a08c219734f2bba"
"reports\single_seed_multi_exit\visual_report_20260503_1331\assets\TCFormer_bcic2a_seed-0_aug-True_GPU0_20260503_1331_subject3_sample0\shallow_routed.png","53035","047760c21390dc0cbf0adbbbfc21b7cf421d38f5a8d781b4fbca7aac96292771"
"reports\single_seed_multi_exit\visual_report_20260503_1331\assets\TCFormer_bcic2a_seed-0_aug-True_GPU0_20260503_1331_subject3_sample0\stage_features.npz","86467","2ffba22862e8fa89005af63a8e9b56a5028f0de21f6452f584c18c72ecd8636a"
"reports\single_seed_multi_exit\visual_report_20260503_1331\assets\TCFormer_bcic2a_seed-0_aug-True_GPU0_20260503_1331_subject3_sample0\tcn_features.png","57685","4d46d42d866c1b02b7a11c64405ae8ace260be4f23393c0b0934ad41fcee63d1"
"reports\single_seed_multi_exit\visual_report_20260503_1331\assets\TCFormer_bcic2a_seed-0_aug-True_GPU0_20260503_1331_subject4_sample12\all_stages_heatmap.png","821603","13dce0254216f34d4db8dfe37abe3901b24676ad85e21ff4526c8ccae3ac656e"
"reports\single_seed_multi_exit\visual_report_20260503_1331\assets\TCFormer_bcic2a_seed-0_aug-True_GPU0_20260503_1331_subject4_sample12\channel_importance_gradxinput.png","80150","b871db5c5de1d91b4ba96598ae5640387be06cb851eb97f52f3478b57a032d51"
"reports\single_seed_multi_exit\visual_report_20260503_1331\assets\TCFormer_bcic2a_seed-0_aug-True_GPU0_20260503_1331_subject4_sample12\channel_importance_saliency.png","80635","3bb0e758cef0ba7ec738513a9e2811750832a98985a2c2d5c9381f81dd1afefb"
"reports\single_seed_multi_exit\visual_report_20260503_1331\assets\TCFormer_bcic2a_seed-0_aug-True_GPU0_20260503_1331_subject4_sample12\channel_topomap_gradxinput.png","188056","247b85076783fb56a3daf1dec94682880daa107a6ac93a2aeeed55939094bf97"
"reports\single_seed_multi_exit\visual_report_20260503_1331\assets\TCFormer_bcic2a_seed-0_aug-True_GPU0_20260503_1331_subject4_sample12\channel_topomap_saliency.png","197049","09e8c6c4c15b290cf33c43a17ba8c1a70ff9e45be28184e900e980202fc73d46"
"reports\single_seed_multi_exit\visual_report_20260503_1331\assets\TCFormer_bcic2a_seed-0_aug-True_GPU0_20260503_1331_subject4_sample12\conv_features.png","54288","a2e5d46dd970672a7b633848f520f0dc68896042a3a2f5cc4dea334ddd9a5183"
"reports\single_seed_multi_exit\visual_report_20260503_1331\assets\TCFormer_bcic2a_seed-0_aug-True_GPU0_20260503_1331_subject4_sample12\deep_routed.png","61001","35b2d3db2be6fe037bb59ca9d5abbbf2b8aa042a2365b2cc472b54c68fc68468"
"reports\single_seed_multi_exit\visual_report_20260503_1331\assets\TCFormer_bcic2a_seed-0_aug-True_GPU0_20260503_1331_subject4_sample12\final_routed.png","63638","7f19fd7ad44acd946c6d4e7b3fb61ab84a6fa4965b69f84749bfa7412dc058d2"
"reports\single_seed_multi_exit\visual_report_20260503_1331\assets\TCFormer_bcic2a_seed-0_aug-True_GPU0_20260503_1331_subject4_sample12\input_importance.json","29840","7d14b2038ac80baf4ac08ed1a546d4d0083064a6dc1cea5edbe0be1e59bbe071"
"reports\single_seed_multi_exit\visual_report_20260503_1331\assets\TCFormer_bcic2a_seed-0_aug-True_GPU0_20260503_1331_subject4_sample12\interpretation_notes_zh.md","3211","b7cc69eb02ccec45608e4194c648cc2fba15493c7f890554321549444cb88fc1"
"reports\single_seed_multi_exit\visual_report_20260503_1331\assets\TCFormer_bcic2a_seed-0_aug-True_GPU0_20260503_1331_subject4_sample12\interpretation_notes.md","1717","2825b4e1f1ce29f03c7d87ee7ee2b4565293c5b0440504787e293513386b9084"
"reports\single_seed_multi_exit\visual_report_20260503_1331\assets\TCFormer_bcic2a_seed-0_aug-True_GPU0_20260503_1331_subject4_sample12\mid_routed.png","58825","ee93f3578220f277c89f1474dec5c66ac3d1757cdcc578388ed1d7f6a2c2ed2d"
"reports\single_seed_multi_exit\visual_report_20260503_1331\assets\TCFormer_bcic2a_seed-0_aug-True_GPU0_20260503_1331_subject4_sample12\paper_overview_figure.png","1470665","eddfc57ae3864f0863179bad5e3af5333325799d9943686153a1c378c969050a"
"reports\single_seed_multi_exit\visual_report_20260503_1331\assets\TCFormer_bcic2a_seed-0_aug-True_GPU0_20260503_1331_subject4_sample12\prediction_summary.json","1423","f6da1ad43ac4958e528b61289ead4d67dad33d2e82cd8a1d4a6c0dab773a19d2"
"reports\single_seed_multi_exit\visual_report_20260503_1331\assets\TCFormer_bcic2a_seed-0_aug-True_GPU0_20260503_1331_subject4_sample12\raw_signal.png","723684","a7b3931d616971fd4df92a4180d6f387806fbeb3239afc0b4eb84349c474d91d"
"reports\single_seed_multi_exit\visual_report_20260503_1331\assets\TCFormer_bcic2a_seed-0_aug-True_GPU0_20260503_1331_subject4_sample12\shallow_routed.png","53187","8b565379a1411cb8639d2fcfe7b468a03ca829426428726581f1c787651268bb"
"reports\single_seed_multi_exit\visual_report_20260503_1331\assets\TCFormer_bcic2a_seed-0_aug-True_GPU0_20260503_1331_subject4_sample12\stage_features.npz","84110","2d56c4beebee12de60d65b041ebfab7c8d2ab86d075ac4c7a82ce6c01302c879"
"reports\single_seed_multi_exit\visual_report_20260503_1331\assets\TCFormer_bcic2a_seed-0_aug-True_GPU0_20260503_1331_subject4_sample12\tcn_features.png","60496","5694931d6ff7434f3b1141c370c9bf6386b84ca9f251186e7a950b6a30fc8fbd"
"reports\single_seed_multi_exit\visual_report_20260503_1331\assets\TCFormer_bcic2a_seed-0_aug-True_GPU0_20260503_1331_subject5_sample2\all_stages_heatmap.png","829834","b47d6cef5874872c913c784ee50372770c37e82077e639778c9f1fc759bb1572"
"reports\single_seed_multi_exit\visual_report_20260503_1331\assets\TCFormer_bcic2a_seed-0_aug-True_GPU0_20260503_1331_subject5_sample2\channel_importance_gradxinput.png","79869","fc5c07c7ae7c648e9101e86de3c3fd19bca87f891ffdb74b883e671accc3819d"
"reports\single_seed_multi_exit\visual_report_20260503_1331\assets\TCFormer_bcic2a_seed-0_aug-True_GPU0_20260503_1331_subject5_sample2\channel_importance_saliency.png","80406","c25a70cfbf877025c0743a86bc7e18a9ce040de99e0e7053c434069c84317f1f"
"reports\single_seed_multi_exit\visual_report_20260503_1331\assets\TCFormer_bcic2a_seed-0_aug-True_GPU0_20260503_1331_subject5_sample2\channel_topomap_gradxinput.png","186606","794f18cbbb2b975a7ba89b4b5d9d007d9084549143346e54c74ac60b33acca12"
"reports\single_seed_multi_exit\visual_report_20260503_1331\assets\TCFormer_bcic2a_seed-0_aug-True_GPU0_20260503_1331_subject5_sample2\channel_topomap_saliency.png","189018","ea4663a9742aa75e614348a29e1868034b59926107cc1cd826b57369574fc873"
"reports\single_seed_multi_exit\visual_report_20260503_1331\assets\TCFormer_bcic2a_seed-0_aug-True_GPU0_20260503_1331_subject5_sample2\conv_features.png","48962","2028591d71354cae292b002ba2102ab4a2fd32fc9a94f7eac0d021c378460541"
"reports\single_seed_multi_exit\visual_report_20260503_1331\assets\TCFormer_bcic2a_seed-0_aug-True_GPU0_20260503_1331_subject5_sample2\deep_routed.png","56050","7a09061b5532f1e7364b26441e004d5a556a56b75f04dca99a3aa31efa41d6fc"
"reports\single_seed_multi_exit\visual_report_20260503_1331\assets\TCFormer_bcic2a_seed-0_aug-True_GPU0_20260503_1331_subject5_sample2\final_routed.png","60582","6f86b545984bae3d1bf253c7cc06d55f0f82e864dcc01b4fcabcaca09f8cf44b"
"reports\single_seed_multi_exit\visual_report_20260503_1331\assets\TCFormer_bcic2a_seed-0_aug-True_GPU0_20260503_1331_subject5_sample2\input_importance.json","29086","1bf0a8ebfc041e9183797cfad2fcbf166906b49ddfd2884e5426a6e96feb811a"
"reports\single_seed_multi_exit\visual_report_20260503_1331\assets\TCFormer_bcic2a_seed-0_aug-True_GPU0_20260503_1331_subject5_sample2\interpretation_notes_zh.md","3203","ba437afc568a499b4ceeaa5b99ed4a5934528ce32785db3412643c81e8e352e8"
"reports\single_seed_multi_exit\visual_report_20260503_1331\assets\TCFormer_bcic2a_seed-0_aug-True_GPU0_20260503_1331_subject5_sample2\interpretation_notes.md","1709","42b0df1279492f7cf7f04948aae9a3a65da941fee6dcd03297d53b89a0b849f1"
"reports\single_seed_multi_exit\visual_report_20260503_1331\assets\TCFormer_bcic2a_seed-0_aug-True_GPU0_20260503_1331_subject5_sample2\mid_routed.png","54772","5df6b15c600443d5593daadd1e83e51a2447c971d784ceee8fbdb3de360ee925"
"reports\single_seed_multi_exit\visual_report_20260503_1331\assets\TCFormer_bcic2a_seed-0_aug-True_GPU0_20260503_1331_subject5_sample2\paper_overview_figure.png","1335418","37ac12b59fad54d9e39fec17ebe84cdd9e3f68a17991ba99793da354987d9a59"
"reports\single_seed_multi_exit\visual_report_20260503_1331\assets\TCFormer_bcic2a_seed-0_aug-True_GPU0_20260503_1331_subject5_sample2\prediction_summary.json","1430","a35714f0679ff666f017570e21cfc24aed1522d12944bf82d64ddb8329e82b51"
"reports\single_seed_multi_exit\visual_report_20260503_1331\assets\TCFormer_bcic2a_seed-0_aug-True_GPU0_20260503_1331_subject5_sample2\raw_signal.png","764796","c79bb8165cd0f1cae5f2982becbdde4720de7d9d9a071bde179e8051441b572f"
"reports\single_seed_multi_exit\visual_report_20260503_1331\assets\TCFormer_bcic2a_seed-0_aug-True_GPU0_20260503_1331_subject5_sample2\shallow_routed.png","53115","247ab7ff81ea7d9fdda1a6b0d45bd4eb13e68e0b4479091a401c93348724d05d"
"reports\single_seed_multi_exit\visual_report_20260503_1331\assets\TCFormer_bcic2a_seed-0_aug-True_GPU0_20260503_1331_subject5_sample2\stage_features.npz","87292","4a63a4087567b3515aae7a5a0ed6dbf78f44001c64cf924f99f285b159822d7a"
"reports\single_seed_multi_exit\visual_report_20260503_1331\assets\TCFormer_bcic2a_seed-0_aug-True_GPU0_20260503_1331_subject5_sample2\tcn_features.png","59248","607565840086ed77faa208dfc24c42f4383164e2da0146bc0b1d8786402709cc"
"reports\single_seed_multi_exit\visual_report_20260503_1331\assets\TCFormer_bcic2a_seed-0_aug-True_GPU0_20260503_1331_subject6_sample1\all_stages_heatmap.png","841164","9d7e49e324c839dab9e457e1835a5db6c709d4e50b20c3b64308c09b4ef0e2ee"
"reports\single_seed_multi_exit\visual_report_20260503_1331\assets\TCFormer_bcic2a_seed-0_aug-True_GPU0_20260503_1331_subject6_sample1\channel_importance_gradxinput.png","79744","3f65f808cd77d9b57f4ae2d212f10699d2d54d27bc049837f82cbff22a078266"
"reports\single_seed_multi_exit\visual_report_20260503_1331\assets\TCFormer_bcic2a_seed-0_aug-True_GPU0_20260503_1331_subject6_sample1\channel_importance_saliency.png","79849","29e7560aeb36db6186da2a5afb6c82a79add1dfb3af7a7bedc9d36b99366bb9f"
"reports\single_seed_multi_exit\visual_report_20260503_1331\assets\TCFormer_bcic2a_seed-0_aug-True_GPU0_20260503_1331_subject6_sample1\channel_topomap_gradxinput.png","183697","c01a5bf76660c8aef33da08ed3737ff9a5ac4a3e8de11925bf5a02d758216294"
"reports\single_seed_multi_exit\visual_report_20260503_1331\assets\TCFormer_bcic2a_seed-0_aug-True_GPU0_20260503_1331_subject6_sample1\channel_topomap_saliency.png","184135","de3d24db6e70884612b755775449cf8543829b76e04fb380d2189cb5f01fd722"
"reports\single_seed_multi_exit\visual_report_20260503_1331\assets\TCFormer_bcic2a_seed-0_aug-True_GPU0_20260503_1331_subject6_sample1\conv_features.png","56927","7a633c46d490babed6eadfa9ccc108120c0ac70d4b7fb84d84114ba866b613d2"
"reports\single_seed_multi_exit\visual_report_20260503_1331\assets\TCFormer_bcic2a_seed-0_aug-True_GPU0_20260503_1331_subject6_sample1\deep_routed.png","60166","ea621455dcd86bc8ea35a75dea71d49badeb12714dd3e11402188a5e6a245f1e"
"reports\single_seed_multi_exit\visual_report_20260503_1331\assets\TCFormer_bcic2a_seed-0_aug-True_GPU0_20260503_1331_subject6_sample1\final_routed.png","57019","8b8f318ea9ac2e6d01226d509f4cb2e2871bff20d20dd97c3b6eafa4d1a441b2"
"reports\single_seed_multi_exit\visual_report_20260503_1331\assets\TCFormer_bcic2a_seed-0_aug-True_GPU0_20260503_1331_subject6_sample1\input_importance.json","28367","7cd00af264eff070a5bf330203a74afcb69de7fb7f2b4748e64a59c37c3ca2e9"
"reports\single_seed_multi_exit\visual_report_20260503_1331\assets\TCFormer_bcic2a_seed-0_aug-True_GPU0_20260503_1331_subject6_sample1\interpretation_notes_zh.md","3204","749844a89b9a785d95b2f6cafa8bf6f04413dfcb2017dbd58a3f7ada63830b28"
"reports\single_seed_multi_exit\visual_report_20260503_1331\assets\TCFormer_bcic2a_seed-0_aug-True_GPU0_20260503_1331_subject6_sample1\interpretation_notes.md","1710","c30ec9fbeaec584b3a680f6ac6394c52c346cf59d850bb850eefc8d5dba861e8"
"reports\single_seed_multi_exit\visual_report_20260503_1331\assets\TCFormer_bcic2a_seed-0_aug-True_GPU0_20260503_1331_subject6_sample1\mid_routed.png","50624","be644e37c44f8ac94ded37c1a20165b179deade07cd50f3c2c4e6695838e4df3"
"reports\single_seed_multi_exit\visual_report_20260503_1331\assets\TCFormer_bcic2a_seed-0_aug-True_GPU0_20260503_1331_subject6_sample1\paper_overview_figure.png","1339988","acdca38422d5153031a844c388380c980bb5a0be4078f2aa296de60a392408e2"
"reports\single_seed_multi_exit\visual_report_20260503_1331\assets\TCFormer_bcic2a_seed-0_aug-True_GPU0_20260503_1331_subject6_sample1\prediction_summary.json","1424","1a7e513762f5d16e34e2060ce000e2d72a9a1bcb493464fabdc283c908e25f10"
"reports\single_seed_multi_exit\visual_report_20260503_1331\assets\TCFormer_bcic2a_seed-0_aug-True_GPU0_20260503_1331_subject6_sample1\raw_signal.png","771931","4661b82dcbdd8f4c04643f2d17b86beade6e0f30e1b4e6055afc801663473a7c"
"reports\single_seed_multi_exit\visual_report_20260503_1331\assets\TCFormer_bcic2a_seed-0_aug-True_GPU0_20260503_1331_subject6_sample1\shallow_routed.png","51742","b21237a54375659a83119dde303ac0f6e9031be76a2ffb600576b1568e3c6b25"
"reports\single_seed_multi_exit\visual_report_20260503_1331\assets\TCFormer_bcic2a_seed-0_aug-True_GPU0_20260503_1331_subject6_sample1\stage_features.npz","88879","f8e3a1ca7c5a3349b65cfca8336904acef626ac4bd57b2780fb19f32a5ece752"
"reports\single_seed_multi_exit\visual_report_20260503_1331\assets\TCFormer_bcic2a_seed-0_aug-True_GPU0_20260503_1331_subject6_sample1\tcn_features.png","59271","321f94b51b38bd72f31a48b9045eb5e808e2561719f4dcd1f409d35ed3a21291"
"reports\single_seed_multi_exit\visual_report_20260503_1331\assets\TCFormer_bcic2a_seed-0_aug-True_GPU0_20260503_1331_subject7_sample9\all_stages_heatmap.png","782755","bc8a984d12e67897bc61840d6fc9d310651a97cf32c4d05a5665294d42ad801a"
"reports\single_seed_multi_exit\visual_report_20260503_1331\assets\TCFormer_bcic2a_seed-0_aug-True_GPU0_20260503_1331_subject7_sample9\channel_importance_gradxinput.png","81975","ba91be0ad27b05f057c9253736b3693e36fa5ff63bff6816ad1589a18b44b1c0"
"reports\single_seed_multi_exit\visual_report_20260503_1331\assets\TCFormer_bcic2a_seed-0_aug-True_GPU0_20260503_1331_subject7_sample9\channel_importance_saliency.png","74218","b046ae72f5c1b8dcaeb20d43293ffd83103fda9759e27212358d3e0b5713597d"
"reports\single_seed_multi_exit\visual_report_20260503_1331\assets\TCFormer_bcic2a_seed-0_aug-True_GPU0_20260503_1331_subject7_sample9\channel_topomap_gradxinput.png","190342","302afaa1a149c7842cd33195aa9c9c039dfbfa61383fe467d1afe1393f652e49"
"reports\single_seed_multi_exit\visual_report_20260503_1331\assets\TCFormer_bcic2a_seed-0_aug-True_GPU0_20260503_1331_subject7_sample9\channel_topomap_saliency.png","194031","a1e0ff39c05e7d7ab62512fd09061973ace1e3e6e7752bf298bf9d70773d3550"
"reports\single_seed_multi_exit\visual_report_20260503_1331\assets\TCFormer_bcic2a_seed-0_aug-True_GPU0_20260503_1331_subject7_sample9\conv_features.png","55356","0a7b528650263a62d3834ea060494f4a0fc34204f93b11198df2c2a319e819e2"
"reports\single_seed_multi_exit\visual_report_20260503_1331\assets\TCFormer_bcic2a_seed-0_aug-True_GPU0_20260503_1331_subject7_sample9\deep_routed.png","58048","e228495c92d40d811200973ddfb3f546c73234250c2c54767e98bd860daafb63"
"reports\single_seed_multi_exit\visual_report_20260503_1331\assets\TCFormer_bcic2a_seed-0_aug-True_GPU0_20260503_1331_subject7_sample9\final_routed.png","56694","038ebd90b810a2c476ae2a112764e720aad0816be7e45dcc23f0590ca9983516"
"reports\single_seed_multi_exit\visual_report_20260503_1331\assets\TCFormer_bcic2a_seed-0_aug-True_GPU0_20260503_1331_subject7_sample9\input_importance.json","29540","13c15dbff9bb775663e2da1144b1db152476ff46c064a4002bdb89830e297457"
"reports\single_seed_multi_exit\visual_report_20260503_1331\assets\TCFormer_bcic2a_seed-0_aug-True_GPU0_20260503_1331_subject7_sample9\interpretation_notes_zh.md","3211","a959e498b482e87de7ed07618be839712f7f668896334ed884837fc135419b99"
"reports\single_seed_multi_exit\visual_report_20260503_1331\assets\TCFormer_bcic2a_seed-0_aug-True_GPU0_20260503_1331_subject7_sample9\interpretation_notes.md","1717","74e6591b1b2cf43b899956137248861a6a54a197591e318abc767ad871714ac2"
"reports\single_seed_multi_exit\visual_report_20260503_1331\assets\TCFormer_bcic2a_seed-0_aug-True_GPU0_20260503_1331_subject7_sample9\mid_routed.png","51910","4945c5063dc702ef5c26d93987e820182ed48d775ab3de4b671db14367e116fa"
"reports\single_seed_multi_exit\visual_report_20260503_1331\assets\TCFormer_bcic2a_seed-0_aug-True_GPU0_20260503_1331_subject7_sample9\paper_overview_figure.png","1293584","fd1cef80098d9bb7a5025dce51ca811cf32380350adb403c8a809b7a10c22796"
"reports\single_seed_multi_exit\visual_report_20260503_1331\assets\TCFormer_bcic2a_seed-0_aug-True_GPU0_20260503_1331_subject7_sample9\prediction_summary.json","1421","c1268f4d6ced55c8e3b928b47eb5cebace343355b5c55d6e20d1bb4659ed8c2c"
"reports\single_seed_multi_exit\visual_report_20260503_1331\assets\TCFormer_bcic2a_seed-0_aug-True_GPU0_20260503_1331_subject7_sample9\raw_signal.png","681559","fcf1ee74c28b58eb6be1ddbed41b13fdd8644db89cf69de91e4b0b065c36fc50"
"reports\single_seed_multi_exit\visual_report_20260503_1331\assets\TCFormer_bcic2a_seed-0_aug-True_GPU0_20260503_1331_subject7_sample9\shallow_routed.png","61084","be4bdf69a796adc6a94ef89f9486ee1091b4453856cba0f1cb30ec473e31176a"
"reports\single_seed_multi_exit\visual_report_20260503_1331\assets\TCFormer_bcic2a_seed-0_aug-True_GPU0_20260503_1331_subject7_sample9\stage_features.npz","84129","0c522e5128781ad461127c1c8c2dad56fecb84bd1e6751b3850fb7b579f998a9"
"reports\single_seed_multi_exit\visual_report_20260503_1331\assets\TCFormer_bcic2a_seed-0_aug-True_GPU0_20260503_1331_subject7_sample9\tcn_features.png","59077","2bd8659338daa1837873def3197ac5f7e10bfa991b2f5c492ac4410381918b0e"
"reports\single_seed_multi_exit\visual_report_20260503_1331\assets\TCFormer_bcic2a_seed-0_aug-True_GPU0_20260503_1331_subject8_sample0\all_stages_heatmap.png","722605","82fd1eda0f7edadc9e81bf053c39d609eae86dd6660eaed79cfc07b656138573"
"reports\single_seed_multi_exit\visual_report_20260503_1331\assets\TCFormer_bcic2a_seed-0_aug-True_GPU0_20260503_1331_subject8_sample0\channel_importance_gradxinput.png","88392","80a27ae5a77932112b8f476bfe37b5284b630e4611f5bc4a3e5e87d2abd914ce"
"reports\single_seed_multi_exit\visual_report_20260503_1331\assets\TCFormer_bcic2a_seed-0_aug-True_GPU0_20260503_1331_subject8_sample0\channel_importance_saliency.png","80529","7b53db073007f2dbf4ec83c237933734c58beca55bf63d740f1eea897333eb3c"
"reports\single_seed_multi_exit\visual_report_20260503_1331\assets\TCFormer_bcic2a_seed-0_aug-True_GPU0_20260503_1331_subject8_sample0\channel_topomap_gradxinput.png","194344","3e325a8e77ceac4536818ef82a9be00450d48a1647eb8a133da69ecb00a02297"
"reports\single_seed_multi_exit\visual_report_20260503_1331\assets\TCFormer_bcic2a_seed-0_aug-True_GPU0_20260503_1331_subject8_sample0\channel_topomap_saliency.png","187275","7105fd96c09c52c31412ba26985fc5a72e7f01ee470b7fc6d99a13abe7bcacd2"
"reports\single_seed_multi_exit\visual_report_20260503_1331\assets\TCFormer_bcic2a_seed-0_aug-True_GPU0_20260503_1331_subject8_sample0\conv_features.png","55196","fe0d620ae1bd2342b373821f3a5f01f1d2b6bbed783c68d70c71b3b989d53362"
"reports\single_seed_multi_exit\visual_report_20260503_1331\assets\TCFormer_bcic2a_seed-0_aug-True_GPU0_20260503_1331_subject8_sample0\deep_routed.png","50387","877c100be960e039218fe8cc35ac363c7018cd46136ab30d66de457e0468d41b"
"reports\single_seed_multi_exit\visual_report_20260503_1331\assets\TCFormer_bcic2a_seed-0_aug-True_GPU0_20260503_1331_subject8_sample0\final_routed.png","57216","a7e3e87498da4b2119a5f7fec3afbe3f6f226ecdbbf82bcf201fd3d62878aa89"
"reports\single_seed_multi_exit\visual_report_20260503_1331\assets\TCFormer_bcic2a_seed-0_aug-True_GPU0_20260503_1331_subject8_sample0\input_importance.json","29814","84a7161fc38f5b3e011ad4b25761892e1b5b77c91f7e49cadbf30884f011a3f8"
"reports\single_seed_multi_exit\visual_report_20260503_1331\assets\TCFormer_bcic2a_seed-0_aug-True_GPU0_20260503_1331_subject8_sample0\interpretation_notes_zh.md","3208","0d91afc64bc2e5e596d98a66a281806838c2c2538a129df4bf6222f790d619c9"
"reports\single_seed_multi_exit\visual_report_20260503_1331\assets\TCFormer_bcic2a_seed-0_aug-True_GPU0_20260503_1331_subject8_sample0\interpretation_notes.md","1714","e71cd9d0c709555c9abd3d237e0ded1ee5eb5d6ba4734f0dfa9b86dcac1e0f15"
"reports\single_seed_multi_exit\visual_report_20260503_1331\assets\TCFormer_bcic2a_seed-0_aug-True_GPU0_20260503_1331_subject8_sample0\mid_routed.png","49343","4ab3490d7813941034f26935d8858814e13a14824d370ae0d71ae6ae04eb205e"
"reports\single_seed_multi_exit\visual_report_20260503_1331\assets\TCFormer_bcic2a_seed-0_aug-True_GPU0_20260503_1331_subject8_sample0\paper_overview_figure.png","1232847","857abf25801ce2cfbfc01e483e193f62fcab03b39b7b2ac1203c71a0354b22cd"
"reports\single_seed_multi_exit\visual_report_20260503_1331\assets\TCFormer_bcic2a_seed-0_aug-True_GPU0_20260503_1331_subject8_sample0\prediction_summary.json","1426","e94ad1785fd9f803ae2ae1917364920193c6cf0f2af655c36dbea981ec2b6e12"
"reports\single_seed_multi_exit\visual_report_20260503_1331\assets\TCFormer_bcic2a_seed-0_aug-True_GPU0_20260503_1331_subject8_sample0\raw_signal.png","636886","5ed5884341d321c77c80075bc0cb4cdb233ae9cbb91d9020d1a79f113291dec3"
"reports\single_seed_multi_exit\visual_report_20260503_1331\assets\TCFormer_bcic2a_seed-0_aug-True_GPU0_20260503_1331_subject8_sample0\shallow_routed.png","53080","c47a48d31f646a93285c5df09a329b209a438c2825d1af7b52b424e84e334dbb"
"reports\single_seed_multi_exit\visual_report_20260503_1331\assets\TCFormer_bcic2a_seed-0_aug-True_GPU0_20260503_1331_subject8_sample0\stage_features.npz","86792","a1b3fe196bf9ad0cdc5b5518989c72c67a4be459fc0fdc5d9ce861db69b5316e"
"reports\single_seed_multi_exit\visual_report_20260503_1331\assets\TCFormer_bcic2a_seed-0_aug-True_GPU0_20260503_1331_subject8_sample0\tcn_features.png","53242","2531432cec897f36e0c537e62e67b1c49e9192c6a8c688a2ff8dd42811635180"
"reports\single_seed_multi_exit\visual_report_20260503_1331\assets\TCFormer_bcic2a_seed-0_aug-True_GPU0_20260503_1331_subject9_sample0\all_stages_heatmap.png","922280","f484138357dae252d7220cbeae309cc580ab905df05845109c7cf758134e4271"
"reports\single_seed_multi_exit\visual_report_20260503_1331\assets\TCFormer_bcic2a_seed-0_aug-True_GPU0_20260503_1331_subject9_sample0\channel_importance_gradxinput.png","87783","e501021556b387ed841e11f5b69fc8e0d81f9c32d1978d09c7ae58d95639e52c"
"reports\single_seed_multi_exit\visual_report_20260503_1331\assets\TCFormer_bcic2a_seed-0_aug-True_GPU0_20260503_1331_subject9_sample0\channel_importance_saliency.png","82125","87c44b4c142c52fde4931b4e40d86e1bdbaf64032d72eef0f25213acd8162cd6"
"reports\single_seed_multi_exit\visual_report_20260503_1331\assets\TCFormer_bcic2a_seed-0_aug-True_GPU0_20260503_1331_subject9_sample0\channel_topomap_gradxinput.png","196200","c62621b103c48d45bbb99e7b98cfdba63abdc8fb035450061ca62426683991eb"
"reports\single_seed_multi_exit\visual_report_20260503_1331\assets\TCFormer_bcic2a_seed-0_aug-True_GPU0_20260503_1331_subject9_sample0\channel_topomap_saliency.png","187131","1d236cd6613a19dc7d3fac2ab29f3d6a0b3d26e1c159435aa91bb4ec8419dd7d"
"reports\single_seed_multi_exit\visual_report_20260503_1331\assets\TCFormer_bcic2a_seed-0_aug-True_GPU0_20260503_1331_subject9_sample0\conv_features.png","54117","cb84405ad0c6efd0445a94bad533d95cd09a60799d53fcaae781a4bc68be778b"
"reports\single_seed_multi_exit\visual_report_20260503_1331\assets\TCFormer_bcic2a_seed-0_aug-True_GPU0_20260503_1331_subject9_sample0\deep_routed.png","60923","f853a74bc04360660a7943bde6ae3d3600efc5953682956790e63b14aaf39003"
"reports\single_seed_multi_exit\visual_report_20260503_1331\assets\TCFormer_bcic2a_seed-0_aug-True_GPU0_20260503_1331_subject9_sample0\final_routed.png","60296","7535c10331a57456b665b2b53dc49d8c22a515d5fc28a02052899f7da6b073f7"
"reports\single_seed_multi_exit\visual_report_20260503_1331\assets\TCFormer_bcic2a_seed-0_aug-True_GPU0_20260503_1331_subject9_sample0\input_importance.json","29587","0306c19f8ba4d4f7ed266333880b0563cdc566ece0adb34daed4eb4a95e505c1"
"reports\single_seed_multi_exit\visual_report_20260503_1331\assets\TCFormer_bcic2a_seed-0_aug-True_GPU0_20260503_1331_subject9_sample0\interpretation_notes_zh.md","3207","d5d2357f4f7ff024cd2b84fb584c1fea8e264e9fc39e5f6945b5d28faa6026e0"
"reports\single_seed_multi_exit\visual_report_20260503_1331\assets\TCFormer_bcic2a_seed-0_aug-True_GPU0_20260503_1331_subject9_sample0\interpretation_notes.md","1713","94ddacac8112fef8a0c22c32f0bd9676b185bb56e5cfe1f9fbf6539b6474899e"
"reports\single_seed_multi_exit\visual_report_20260503_1331\assets\TCFormer_bcic2a_seed-0_aug-True_GPU0_20260503_1331_subject9_sample0\mid_routed.png","55409","d678587e98a644604102e9fcbb8c2dd2e5980910cc8b359abd0ac8f66933956c"
"reports\single_seed_multi_exit\visual_report_20260503_1331\assets\TCFormer_bcic2a_seed-0_aug-True_GPU0_20260503_1331_subject9_sample0\paper_overview_figure.png","1542243","7aa4dd3264ea8772577c041eace1334eabfb9440ff8a42d3e96e2bb626c38e9e"
"reports\single_seed_multi_exit\visual_report_20260503_1331\assets\TCFormer_bcic2a_seed-0_aug-True_GPU0_20260503_1331_subject9_sample0\prediction_summary.json","1424","6bc45d596fff06c0a57ad9f6c4335248e3e55cf064b2acd78dbc4e31d63b37eb"
"reports\single_seed_multi_exit\visual_report_20260503_1331\assets\TCFormer_bcic2a_seed-0_aug-True_GPU0_20260503_1331_subject9_sample0\raw_signal.png","858855","703b9f64ab4aa73e9d9cd282d8dd55042e8773e79ff498f1e8729b1304f6a397"
"reports\single_seed_multi_exit\visual_report_20260503_1331\assets\TCFormer_bcic2a_seed-0_aug-True_GPU0_20260503_1331_subject9_sample0\shallow_routed.png","61096","890e2861e0e6a417fa2da97134eceedd3c4ae9b5d1148cc6b82119d85ec5e795"
"reports\single_seed_multi_exit\visual_report_20260503_1331\assets\TCFormer_bcic2a_seed-0_aug-True_GPU0_20260503_1331_subject9_sample0\stage_features.npz","86538","05c95808bfab46a0ac9ca7b4c9993b26c2e4ca837b30982b18d6338a1acb4227"
"reports\single_seed_multi_exit\visual_report_20260503_1331\assets\TCFormer_bcic2a_seed-0_aug-True_GPU0_20260503_1331_subject9_sample0\tcn_features.png","60201","ec3e954e17c8ed3039ad81ec44fa684fbbae9a21c47da3bde56dbb072676cd66"
"reports\single_seed_multi_exit\visual_report_20260503_1331\assets\visualization_summary.csv","1802","ae1552349de43456dd1bc2bca61e52776d21f3dd7d6231e91a68caad515aac02"
"reports\single_seed_multi_exit\visual_report_20260503_1331\assets\visualization_summary.json","14034","27e0a1669b0001684d9577d86dc09dd346693b3b3af3a44a3ecb69da57717d0d"
"reports\single_seed_multi_exit\visual_report_20260503_1331\assets\visualization_summary.md","1787","ff8fc84d03e83ebd1607daf3353bd79e975512d4d5e47bad9f5b4fdd80990a97"
"reports\single_seed_multi_exit\visual_report_20260503_1331\TCFormer_bcic2a_seed-0_aug-True_GPU0_20260503_1331_含参数可视化分析.md","16559","7f5de22f648f4f0f994b9f4c3c1495497e0742e6f65bb45d3057d6b11a942f73"
"reports\single_seed_multi_exit\visual_report_20260503_1331\TCFormer_bcic2a_seed-0_aug-True_GPU0_20260503_1331_可视化分析.md","14515","fd93f434acd53783f2d8585665ff6a7117fb435704e5ffdede43ca392fc7e4c7"
"reports\single_seed_multi_exit\visual_report_20260503_1331\Transformer多出口可视化与分析_20260503_1331.docx","9984364","30de44a573d3d6dddaf0bccdc92bdf2db57aa384a43df672ff5cb25d9a6b1c98"
"reports\tcformer_multi_exit_ablation\runs\final_only\TCFormer_bcic2a_seed-0_aug-True_GPU0_20260508_163327\config.yaml","2318","3633927cda22b29129463d5478e03df2228667a231f90c6b4b6970a705763343"
"reports\tcformer_multi_exit_ablation\runs\final_only\TCFormer_bcic2a_seed-0_aug-True_GPU0_20260508_163407\config.yaml","2318","3633927cda22b29129463d5478e03df2228667a231f90c6b4b6970a705763343"
"reports\tcformer_multi_exit_ablation\runs\final_only\TCFormer_bcic2a_seed-0_aug-True_GPU0_20260508_163407\confmats\avg_confusion_matrix.png","36451","834bfcb85b87bb6abd97b9f58d03166b66c9283aaf7b14345f047a093c7d647b"
"reports\tcformer_multi_exit_ablation\runs\final_only\TCFormer_bcic2a_seed-0_aug-True_GPU0_20260508_163407\confmats\confmat_subject_1.png","36297","acfd7e42f6127f286c115769263af95f4c63344619b6ef7dc8109ca949f3802b"
"reports\tcformer_multi_exit_ablation\runs\final_only\TCFormer_bcic2a_seed-0_aug-True_GPU0_20260508_163407\curves\subject_1_acc.png","21507","12716ec0f03954723721fa562570df2a4a3467805c232ade73faa703c6a0d453"
"reports\tcformer_multi_exit_ablation\runs\final_only\TCFormer_bcic2a_seed-0_aug-True_GPU0_20260508_163407\curves\subject_1_loss.png","17361","eb6872cee8f7c952a790cb7dbc863433db3105964291b743493df0008131c328"
"reports\tcformer_multi_exit_ablation\runs\final_only\TCFormer_bcic2a_seed-0_aug-True_GPU0_20260508_163407\live_progress.txt","147","c82c3d398ca3f5ca512f6dababc7dbf5f334beba61504ad2971c2dd3b86d5ec9"
"reports\tcformer_multi_exit_ablation\runs\final_only\TCFormer_bcic2a_seed-0_aug-True_GPU0_20260508_163407\results.txt","731","30ebd53333a4a3515db94fbfa5243db404a7f7cb56abc2b005e3a44c6832bbf7"
"reports\tcformer_multi_exit_ablation\runs\final_only\TCFormer_bcic2a_seed-0_aug-True_GPU0_20260508_163407\subject_1_progress.txt","147","c82c3d398ca3f5ca512f6dababc7dbf5f334beba61504ad2971c2dd3b86d5ec9"
"reports\tcformer_multi_exit_ablation\runs\final_only\TCFormer_bcic2a_seed-0_aug-True_GPU0_20260510_115435\config.yaml","2320","9048364c2a1e55b869f2a7ff597d466c03eb30c0b9b48f59c1b22bdfc4092f7e"
"reports\tcformer_multi_exit_ablation\runs\final_only\TCFormer_bcic2a_seed-0_aug-True_GPU0_20260510_115435\confmats\confmat_subject_1.png","39123","48f2803f086a688d1f0aff8b87dedb35cd18664ab0272130b3d68af854bfe383"
"reports\tcformer_multi_exit_ablation\runs\final_only\TCFormer_bcic2a_seed-0_aug-True_GPU0_20260510_115435\curves\subject_1_acc.png","41948","4108762d049960af8b69ae45b9200dc9233a644a3769d887e8607df42faf0b53"
"reports\tcformer_multi_exit_ablation\runs\final_only\TCFormer_bcic2a_seed-0_aug-True_GPU0_20260510_115435\curves\subject_1_loss.png","39732","1f256de0d278b95f651e282ab4b51d68f852e2904589e6266430e517d152eb29"
"reports\tcformer_multi_exit_ablation\runs\final_only\TCFormer_bcic2a_seed-0_aug-True_GPU0_20260510_115435\live_progress.txt","155","b59c0ff13fd938bd891820389f4e690ee5c8069cf76a8eef4f1d46463084ce1f"
"reports\tcformer_multi_exit_ablation\runs\final_only\TCFormer_bcic2a_seed-0_aug-True_GPU0_20260510_115435\subject_1_progress.txt","156","7f7249aee784735b996649e5864428b7065eb4678b4ee5dc925a006552e8d0a4"
"reports\tcformer_multi_exit_ablation\runs\final_only\TCFormer_bcic2a_seed-0_aug-True_GPU0_20260510_115435\subject_2_progress.txt","155","b59c0ff13fd938bd891820389f4e690ee5c8069cf76a8eef4f1d46463084ce1f"
"reports\tcformer_multi_exit_ablation\runs\final_only\TCFormer_bcic2a_seed-0_aug-True_GPU0_20260510_124111\config.yaml","2318","3633927cda22b29129463d5478e03df2228667a231f90c6b4b6970a705763343"
"reports\tcformer_multi_exit_ablation\runs\final_only\TCFormer_bcic2a_seed-0_aug-True_GPU0_20260510_124111\live_progress.txt","69","eb42e71468c5695240fee6a2d841666d9bd3ba322d2d36db67df701e565512a9"
"reports\tcformer_multi_exit_ablation\runs\final_only\TCFormer_bcic2a_seed-0_aug-True_GPU0_20260510_124111\subject_1_progress.txt","69","eb42e71468c5695240fee6a2d841666d9bd3ba322d2d36db67df701e565512a9"
"reports\tcformer_multi_exit_ablation\runs\multi_exit_dynamic_weight\TCFormer_bcic2a_seed-0_aug-True_GPU0_20260508_230216\config.yaml","2329","67d84322ee375b518c72a04427a0520b75d9074cce41eb79f8578e1d1786f612"
"reports\tcformer_multi_exit_ablation\runs\multi_exit_dynamic_weight\TCFormer_bcic2a_seed-0_aug-True_GPU0_20260508_230216\confmats\avg_confusion_matrix.png","41465","97b57d651b1eeb853473b5108a04d5fd7c7d43d0b0da8544ab3031a777646b00"
"reports\tcformer_multi_exit_ablation\runs\multi_exit_dynamic_weight\TCFormer_bcic2a_seed-0_aug-True_GPU0_20260508_230216\confmats\confmat_subject_1.png","38932","062bbb70a7d26067170363852167b95cf933f1d42bf502f05effff10c9a8dd6b"
"reports\tcformer_multi_exit_ablation\runs\multi_exit_dynamic_weight\TCFormer_bcic2a_seed-0_aug-True_GPU0_20260508_230216\confmats\confmat_subject_2.png","40971","9275e2b489f75269caccb7876ecf2a1a7ac895452fdd4304e1f8a8f54593360c"
"reports\tcformer_multi_exit_ablation\runs\multi_exit_dynamic_weight\TCFormer_bcic2a_seed-0_aug-True_GPU0_20260508_230216\confmats\confmat_subject_3.png","39039","12138673a9e3d9b9cedc2944f1506903f1bbd49996bd02c423cccb6d63f0877a"
"reports\tcformer_multi_exit_ablation\runs\multi_exit_dynamic_weight\TCFormer_bcic2a_seed-0_aug-True_GPU0_20260508_230216\confmats\confmat_subject_4.png","40254","f995edc37c14c55a3c3b531bf9f747bdea028081bbe2e5e1bd06b8867e6f9da5"
"reports\tcformer_multi_exit_ablation\runs\multi_exit_dynamic_weight\TCFormer_bcic2a_seed-0_aug-True_GPU0_20260508_230216\confmats\confmat_subject_5.png","41147","49f487673f79e1d9396bcccdb88f3475774dae62832e02be2002dbb83b80e3fd"
"reports\tcformer_multi_exit_ablation\runs\multi_exit_dynamic_weight\TCFormer_bcic2a_seed-0_aug-True_GPU0_20260508_230216\confmats\confmat_subject_6.png","42883","74d17dbee0235c81954cebac27746ca98a76b650c35b7de24ffac1850413da9c"
"reports\tcformer_multi_exit_ablation\runs\multi_exit_dynamic_weight\TCFormer_bcic2a_seed-0_aug-True_GPU0_20260508_230216\confmats\confmat_subject_7.png","38304","acb9d43c3c1532ba16bd44f43db542e32ada41076c6a4aaf489138dc902517c3"
"reports\tcformer_multi_exit_ablation\runs\multi_exit_dynamic_weight\TCFormer_bcic2a_seed-0_aug-True_GPU0_20260508_230216\confmats\confmat_subject_8.png","38036","9037007794fbedbf0db0350b742d740a1503906cb5982e6f281e6f98adb1bb8e"
"reports\tcformer_multi_exit_ablation\runs\multi_exit_dynamic_weight\TCFormer_bcic2a_seed-0_aug-True_GPU0_20260508_230216\confmats\confmat_subject_9.png","39824","2b35db2f8b92f29eab05de5856c9bf41161348abc7cf76fe71dc05dd244c15ee"
"reports\tcformer_multi_exit_ablation\runs\multi_exit_dynamic_weight\TCFormer_bcic2a_seed-0_aug-True_GPU0_20260508_230216\curves\subject_1_acc.png","41198","566d743937e401cde15ab6313b3e3bc038963bd3cdf9bd6671cb4e21642a9fdf"
"reports\tcformer_multi_exit_ablation\runs\multi_exit_dynamic_weight\TCFormer_bcic2a_seed-0_aug-True_GPU0_20260508_230216\curves\subject_1_loss.png","39547","6bdec4072a1b5716bb6ffc8686b53b1034136ed51997c5feb37e5eeb8289e5ec"
"reports\tcformer_multi_exit_ablation\runs\multi_exit_dynamic_weight\TCFormer_bcic2a_seed-0_aug-True_GPU0_20260508_230216\curves\subject_2_acc.png","48927","af82fcbf151d42b21904b1d2fcaf42e68bbd466e0de93c3d4c11f38b9374bf0b"
"reports\tcformer_multi_exit_ablation\runs\multi_exit_dynamic_weight\TCFormer_bcic2a_seed-0_aug-True_GPU0_20260508_230216\curves\subject_2_loss.png","42901","a28ba74e8bc7719317cc28ebd900f83057cf6da5b2dc55c8af5274f6f13dbc02"
"reports\tcformer_multi_exit_ablation\runs\multi_exit_dynamic_weight\TCFormer_bcic2a_seed-0_aug-True_GPU0_20260508_230216\curves\subject_3_acc.png","39364","f6dbaea615b9bbf9f38764afdbe8076800fc2d612364d78001e55a1c1bea24b8"
"reports\tcformer_multi_exit_ablation\runs\multi_exit_dynamic_weight\TCFormer_bcic2a_seed-0_aug-True_GPU0_20260508_230216\curves\subject_3_loss.png","39379","323b2cb28231ab2552eb493ce637e0777e773eeafe165cbfc39d83e8188b5540"
"reports\tcformer_multi_exit_ablation\runs\multi_exit_dynamic_weight\TCFormer_bcic2a_seed-0_aug-True_GPU0_20260508_230216\curves\subject_4_acc.png","39011","eac9f14dcd6659680b20dd3af16af481abcfdfcfbb0a11e5a7d26c5dddc61f45"
"reports\tcformer_multi_exit_ablation\runs\multi_exit_dynamic_weight\TCFormer_bcic2a_seed-0_aug-True_GPU0_20260508_230216\curves\subject_4_loss.png","40680","cf6ac03cad8ad6062e22eba20e039169430b2543eaa9523116accf21ed0b1a80"
"reports\tcformer_multi_exit_ablation\runs\multi_exit_dynamic_weight\TCFormer_bcic2a_seed-0_aug-True_GPU0_20260508_230216\curves\subject_5_acc.png","41108","daeb1ed892e5cdbe53569c9d0582a2b066f9c44a3d32059ca2eebbab9b3107a5"
"reports\tcformer_multi_exit_ablation\runs\multi_exit_dynamic_weight\TCFormer_bcic2a_seed-0_aug-True_GPU0_20260508_230216\curves\subject_5_loss.png","41220","3e670b463575a6fbc5edef827f2ece5081e464441faae3deac3257ca2f04d0db"
"reports\tcformer_multi_exit_ablation\runs\multi_exit_dynamic_weight\TCFormer_bcic2a_seed-0_aug-True_GPU0_20260508_230216\curves\subject_6_acc.png","42182","78f82447e64d9723d7e543d24152284633b54108b27686bf7c4f5c3d83ebb50a"
"reports\tcformer_multi_exit_ablation\runs\multi_exit_dynamic_weight\TCFormer_bcic2a_seed-0_aug-True_GPU0_20260508_230216\curves\subject_6_loss.png","40995","bcf32233d172e30ba3232f959acc41d1f9547c452220c042169c3175a35c165b"
"reports\tcformer_multi_exit_ablation\runs\multi_exit_dynamic_weight\TCFormer_bcic2a_seed-0_aug-True_GPU0_20260508_230216\curves\subject_7_acc.png","41347","317aad393455ec327e2752d65af2141919a857b4be9cb2ec6b44a4f1ef40c600"
"reports\tcformer_multi_exit_ablation\runs\multi_exit_dynamic_weight\TCFormer_bcic2a_seed-0_aug-True_GPU0_20260508_230216\curves\subject_7_loss.png","40489","5f83782e8c68cb61989da6c559e65e2df868dfb86c8b1b201e1c54e1542e1031"
"reports\tcformer_multi_exit_ablation\runs\multi_exit_dynamic_weight\TCFormer_bcic2a_seed-0_aug-True_GPU0_20260508_230216\curves\subject_8_acc.png","38181","07ad4d7f6ce963ea7bd0a4dc0a9ecdc78b2925bf39f105d3369c2a2d394d4ad9"
"reports\tcformer_multi_exit_ablation\runs\multi_exit_dynamic_weight\TCFormer_bcic2a_seed-0_aug-True_GPU0_20260508_230216\curves\subject_8_loss.png","39987","6be4e9fbf78bfd93b315a46b50b49307f169f476b592a523b57bdb01504a1893"
"reports\tcformer_multi_exit_ablation\runs\multi_exit_dynamic_weight\TCFormer_bcic2a_seed-0_aug-True_GPU0_20260508_230216\curves\subject_9_acc.png","36632","39eab76d6a219e8936b04a44c88cc4594916a7e384eef294ee0297aae96d9232"
"reports\tcformer_multi_exit_ablation\runs\multi_exit_dynamic_weight\TCFormer_bcic2a_seed-0_aug-True_GPU0_20260508_230216\curves\subject_9_loss.png","38505","fa0c4e8b2b8733561cf47866518b5b35ac428f00c483b1770d5cc84ad9fe1306"
"reports\tcformer_multi_exit_ablation\runs\multi_exit_dynamic_weight\TCFormer_bcic2a_seed-0_aug-True_GPU0_20260508_230216\live_progress.txt","156","2373e61ac4b237c1cc8c0c560a7918acc76bc78cba9080a7d5ff08df9694c805"
"reports\tcformer_multi_exit_ablation\runs\multi_exit_dynamic_weight\TCFormer_bcic2a_seed-0_aug-True_GPU0_20260508_230216\results.txt","2396","27dbe32fc7d25df0693e941d1847631958a2d1665549ef2ae997d13f0e28f0c0"
"reports\tcformer_multi_exit_ablation\runs\multi_exit_dynamic_weight\TCFormer_bcic2a_seed-0_aug-True_GPU0_20260508_230216\subject_1_progress.txt","156","526b186d3cc09e4e9149c5a0ac875759f267db9592f38f3b1b75af72e5584081"
"reports\tcformer_multi_exit_ablation\runs\multi_exit_dynamic_weight\TCFormer_bcic2a_seed-0_aug-True_GPU0_20260508_230216\subject_2_progress.txt","156","deb4cfea2c319249b2287c22967c915b9a617880cb535d21de335114a227c098"
"reports\tcformer_multi_exit_ablation\runs\multi_exit_dynamic_weight\TCFormer_bcic2a_seed-0_aug-True_GPU0_20260508_230216\subject_3_progress.txt","156","6a552d70ca08ef9fe9a710001624830843b4b03ffc18c5b5c3bd05662fbec91b"
"reports\tcformer_multi_exit_ablation\runs\multi_exit_dynamic_weight\TCFormer_bcic2a_seed-0_aug-True_GPU0_20260508_230216\subject_4_progress.txt","156","8e91d4e105bc021619ce659c51eef1ebae76aeca9872d6a034de77d4ca555779"
"reports\tcformer_multi_exit_ablation\runs\multi_exit_dynamic_weight\TCFormer_bcic2a_seed-0_aug-True_GPU0_20260508_230216\subject_5_progress.txt","156","f08962845f3f2025f7f9e6a31fb542ab2b7584e926ba398fdf2ed673a3cc7baa"
"reports\tcformer_multi_exit_ablation\runs\multi_exit_dynamic_weight\TCFormer_bcic2a_seed-0_aug-True_GPU0_20260508_230216\subject_6_progress.txt","156","355094379b707ca2f4ea19e0244c5bb6a43c06ebf8186fdce3c5264f168e8809"
"reports\tcformer_multi_exit_ablation\runs\multi_exit_dynamic_weight\TCFormer_bcic2a_seed-0_aug-True_GPU0_20260508_230216\subject_7_progress.txt","156","b82dfa5235e433e7edf9d90d3b138cca5ae3664212c48cbbfda4effb88a8397d"
"reports\tcformer_multi_exit_ablation\runs\multi_exit_dynamic_weight\TCFormer_bcic2a_seed-0_aug-True_GPU0_20260508_230216\subject_8_progress.txt","156","cc6f2adcade6fe36a3d23074a50ece9dc423cca3b0f0e694a30462b3dce045fb"
"reports\tcformer_multi_exit_ablation\runs\multi_exit_dynamic_weight\TCFormer_bcic2a_seed-0_aug-True_GPU0_20260508_230216\subject_9_progress.txt","156","2373e61ac4b237c1cc8c0c560a7918acc76bc78cba9080a7d5ff08df9694c805"
"reports\tcformer_multi_exit_ablation\runs\multi_exit_fixed_weight\TCFormer_bcic2a_seed-0_aug-True_GPU0_20260509_085744\config.yaml","2321","8140dec9a655f75aa0c842bd2024b9466d3f97d56994960b13bb61a2c314fb95"
"reports\tcformer_multi_exit_ablation\runs\multi_exit_fixed_weight\TCFormer_bcic2a_seed-0_aug-True_GPU0_20260509_085744\confmats\avg_confusion_matrix.png","42143","aed623e1fb656b7694a202777ff1676512da917cf47967b9957491a63731cddf"
"reports\tcformer_multi_exit_ablation\runs\multi_exit_fixed_weight\TCFormer_bcic2a_seed-0_aug-True_GPU0_20260509_085744\confmats\confmat_subject_1.png","38368","0c6b31e63c7ddcea5eb380834cb724ef62fb3b9b4d5b77893f9babe7c658dec2"
"reports\tcformer_multi_exit_ablation\runs\multi_exit_fixed_weight\TCFormer_bcic2a_seed-0_aug-True_GPU0_20260509_085744\confmats\confmat_subject_2.png","39656","434cfcabff7e7d6f20e3a5a67b38d4d55a181a0b8ebfda7a8eacc29a05c2c56a"
"reports\tcformer_multi_exit_ablation\runs\multi_exit_fixed_weight\TCFormer_bcic2a_seed-0_aug-True_GPU0_20260509_085744\confmats\confmat_subject_3.png","37899","89f409b5df001009121d4a1e3cdd1175cbdcbd37a15066abb13108e1656cca7f"
"reports\tcformer_multi_exit_ablation\runs\multi_exit_fixed_weight\TCFormer_bcic2a_seed-0_aug-True_GPU0_20260509_085744\confmats\confmat_subject_4.png","40096","1970b7ccb9801c17fdae8a4d660ac2fbc9c6a7553677ef19610f82ffc2a2ba57"
"reports\tcformer_multi_exit_ablation\runs\multi_exit_fixed_weight\TCFormer_bcic2a_seed-0_aug-True_GPU0_20260509_085744\confmats\confmat_subject_5.png","39703","50337fbccac74c5e121598a55587807554ff163e74a10c5f024bceb07592f270"
"reports\tcformer_multi_exit_ablation\runs\multi_exit_fixed_weight\TCFormer_bcic2a_seed-0_aug-True_GPU0_20260509_085744\confmats\confmat_subject_6.png","40463","b234c1d5cd082948607f6415a6d2dc7bcb82e4ea322ea5583526a6ba1f3c8758"
"reports\tcformer_multi_exit_ablation\runs\multi_exit_fixed_weight\TCFormer_bcic2a_seed-0_aug-True_GPU0_20260509_085744\confmats\confmat_subject_7.png","38828","64e5b810cd953fb3706b6f84a60455e941cbf4a9d040cfeb92d517a8c51321e5"
"reports\tcformer_multi_exit_ablation\runs\multi_exit_fixed_weight\TCFormer_bcic2a_seed-0_aug-True_GPU0_20260509_085744\confmats\confmat_subject_8.png","39764","dcc5a27f5afd359d94a2027a70dcfd18b84f8f8086356c4f0603ef9f9b447e37"
"reports\tcformer_multi_exit_ablation\runs\multi_exit_fixed_weight\TCFormer_bcic2a_seed-0_aug-True_GPU0_20260509_085744\confmats\confmat_subject_9.png","40889","1457e3f4d15703070f7eba6f262c2a5158705e4b9eb02e1b897d4a38fb4f4d5b"
"reports\tcformer_multi_exit_ablation\runs\multi_exit_fixed_weight\TCFormer_bcic2a_seed-0_aug-True_GPU0_20260509_085744\curves\subject_1_acc.png","41805","c2e565e9163c87a506f7becd8347bcf69ddfbeb3641443f185d6d52f8882348c"
"reports\tcformer_multi_exit_ablation\runs\multi_exit_fixed_weight\TCFormer_bcic2a_seed-0_aug-True_GPU0_20260509_085744\curves\subject_1_loss.png","39543","ba792a484abc6f6fb4070eb2baab54f446917a2f092720f634b65f8f1b7d7cb1"
"reports\tcformer_multi_exit_ablation\runs\multi_exit_fixed_weight\TCFormer_bcic2a_seed-0_aug-True_GPU0_20260509_085744\curves\subject_2_acc.png","47020","cf966122f4b313ef29403e7f6550ca195197dcac800d2be3335c348c6fea4113"
"reports\tcformer_multi_exit_ablation\runs\multi_exit_fixed_weight\TCFormer_bcic2a_seed-0_aug-True_GPU0_20260509_085744\curves\subject_2_loss.png","40007","cbf9a3a7c1ba6f2403e07064308e83c9c03c339f65f87a841fa743a25ec318cb"
"reports\tcformer_multi_exit_ablation\runs\multi_exit_fixed_weight\TCFormer_bcic2a_seed-0_aug-True_GPU0_20260509_085744\curves\subject_3_acc.png","40470","0cb5b461e1bb0c407a500d00f70d065e5ef61286cfa6298e60ac27e8d379d4c2"
"reports\tcformer_multi_exit_ablation\runs\multi_exit_fixed_weight\TCFormer_bcic2a_seed-0_aug-True_GPU0_20260509_085744\curves\subject_3_loss.png","39056","2e5f41dc634a7187a3253eac6bd452d43971f922d5ff0aa88408b25392e585ed"
"reports\tcformer_multi_exit_ablation\runs\multi_exit_fixed_weight\TCFormer_bcic2a_seed-0_aug-True_GPU0_20260509_085744\curves\subject_4_acc.png","39419","19d2ae95d3aa4862964eb9402dc4145c65e819b218333f40963a35ad8f6cc2e9"
"reports\tcformer_multi_exit_ablation\runs\multi_exit_fixed_weight\TCFormer_bcic2a_seed-0_aug-True_GPU0_20260509_085744\curves\subject_4_loss.png","40182","dd4c5d90ecefc39b2e7af373d26cb08a1a11461c3e4241c93a50c6b90173b44e"
"reports\tcformer_multi_exit_ablation\runs\multi_exit_fixed_weight\TCFormer_bcic2a_seed-0_aug-True_GPU0_20260509_085744\curves\subject_5_acc.png","41593","83a80fbf4beb6fc281a080f9d848af34ad562b9a09031427f37a99a3f3877e9c"
"reports\tcformer_multi_exit_ablation\runs\multi_exit_fixed_weight\TCFormer_bcic2a_seed-0_aug-True_GPU0_20260509_085744\curves\subject_5_loss.png","40311","b868eb2afb7a3b853352be206fb86094141d5170032bbcbdc9a0442032ab84fd"
"reports\tcformer_multi_exit_ablation\runs\multi_exit_fixed_weight\TCFormer_bcic2a_seed-0_aug-True_GPU0_20260509_085744\curves\subject_6_acc.png","42425","4d1dda48053e529d42e802c28d83ac699709639055353effb5b38ff0d967e74c"
"reports\tcformer_multi_exit_ablation\runs\multi_exit_fixed_weight\TCFormer_bcic2a_seed-0_aug-True_GPU0_20260509_085744\curves\subject_6_loss.png","42150","e7aa83bc4af9770597c2fffc4a63358123f7081c9aca6bce39f2e7dfe4e54288"
"reports\tcformer_multi_exit_ablation\runs\multi_exit_fixed_weight\TCFormer_bcic2a_seed-0_aug-True_GPU0_20260509_085744\curves\subject_7_acc.png","42290","51a226d5004e7593506bebf92d95e03d3c87002846c4c85c4096463e63b47f36"
"reports\tcformer_multi_exit_ablation\runs\multi_exit_fixed_weight\TCFormer_bcic2a_seed-0_aug-True_GPU0_20260509_085744\curves\subject_7_loss.png","41435","d651e7db17e8619d53208ddf95e399b1c8eb33afa532789f5b846d73b5b13843"
"reports\tcformer_multi_exit_ablation\runs\multi_exit_fixed_weight\TCFormer_bcic2a_seed-0_aug-True_GPU0_20260509_085744\curves\subject_8_acc.png","38306","06f86cae95677861225898431e0b53f9d7afcbbb97424206c164afe16529a3e4"
"reports\tcformer_multi_exit_ablation\runs\multi_exit_fixed_weight\TCFormer_bcic2a_seed-0_aug-True_GPU0_20260509_085744\curves\subject_8_loss.png","40135","d04b594d1f60220b74281635aeb867bef95244bef57dd4fb9e3131fd30e479da"
"reports\tcformer_multi_exit_ablation\runs\multi_exit_fixed_weight\TCFormer_bcic2a_seed-0_aug-True_GPU0_20260509_085744\curves\subject_9_acc.png","36932","024c3ca7a49630639327d439effa9aaa82d78c8a8ca851a1358c706e58e44b81"
"reports\tcformer_multi_exit_ablation\runs\multi_exit_fixed_weight\TCFormer_bcic2a_seed-0_aug-True_GPU0_20260509_085744\curves\subject_9_loss.png","38818","b9959d66d9ff7288907f9cbdf1a663c53d647c86c760d303959ec8e2bd9f855d"
"reports\tcformer_multi_exit_ablation\runs\multi_exit_fixed_weight\TCFormer_bcic2a_seed-0_aug-True_GPU0_20260509_085744\live_progress.txt","156","d471c15d7b62a752d5c04203d94864cf32d0e70ed90e6278711e0ca7917064cb"
"reports\tcformer_multi_exit_ablation\runs\multi_exit_fixed_weight\TCFormer_bcic2a_seed-0_aug-True_GPU0_20260509_085744\results.txt","2397","a76670d83cd85de62de2840c35d48318cfd9fbe77bce285faab9e21f5a5a59fe"
"reports\tcformer_multi_exit_ablation\runs\multi_exit_fixed_weight\TCFormer_bcic2a_seed-0_aug-True_GPU0_20260509_085744\subject_1_progress.txt","156","e2a9ecca5487cf1c5cf42c2c3c2ebe905ed84a6d0515f6c3221a03e2679f9d11"
"reports\tcformer_multi_exit_ablation\runs\multi_exit_fixed_weight\TCFormer_bcic2a_seed-0_aug-True_GPU0_20260509_085744\subject_2_progress.txt","156","dd803b05f8cc8056c290dabb8b2375816fdce5c1ca58cd488a099da4a965fb77"
"reports\tcformer_multi_exit_ablation\runs\multi_exit_fixed_weight\TCFormer_bcic2a_seed-0_aug-True_GPU0_20260509_085744\subject_3_progress.txt","156","4c43fe8d261cdd5e9bb2664c0fd3f711de1365b48d177fcd1c45b20d5d613d41"
"reports\tcformer_multi_exit_ablation\runs\multi_exit_fixed_weight\TCFormer_bcic2a_seed-0_aug-True_GPU0_20260509_085744\subject_4_progress.txt","156","17d39f0f7a4dfa3393d019cce8dc439e48566657d720386655fecaf8067d6d1a"
"reports\tcformer_multi_exit_ablation\runs\multi_exit_fixed_weight\TCFormer_bcic2a_seed-0_aug-True_GPU0_20260509_085744\subject_5_progress.txt","156","b3acb07febeb75624367ea2ca1140f3b247103ccd4a54a141a438d63db39c2d0"
"reports\tcformer_multi_exit_ablation\runs\multi_exit_fixed_weight\TCFormer_bcic2a_seed-0_aug-True_GPU0_20260509_085744\subject_6_progress.txt","156","2ce5da990ac5c29aa3e0cca0c471ace2e9fd51c5ec5712fa4ca6e4dc7394555b"
"reports\tcformer_multi_exit_ablation\runs\multi_exit_fixed_weight\TCFormer_bcic2a_seed-0_aug-True_GPU0_20260509_085744\subject_7_progress.txt","156","042d99913337c22e46ec5006a67eea1d8151d2434a087df1ab2a73684fbc055b"
"reports\tcformer_multi_exit_ablation\runs\multi_exit_fixed_weight\TCFormer_bcic2a_seed-0_aug-True_GPU0_20260509_085744\subject_8_progress.txt","156","d9f90085e9e7d0697f08be32b8f35fc7223a1ede9cba6df9a0749ac37ceb04ba"
"reports\tcformer_multi_exit_ablation\runs\multi_exit_fixed_weight\TCFormer_bcic2a_seed-0_aug-True_GPU0_20260509_085744\subject_9_progress.txt","162","539f6855d734d55209ae108581fe9f66bb05e779df90ed9be2a65874b64d2895"
"reports\tcformer_multi_exit_ablation\runs\multi_exit_self_distill_fixed_average\TCFormer_bcic2a_seed-0_aug-True_GPU0_20260509_180305\config.yaml","2337","53eb841cd950fd112142cac93f8cef2686f5659e44b424cbf65e8936abee00ea"
"reports\tcformer_multi_exit_ablation\runs\multi_exit_self_distill_fixed_average\TCFormer_bcic2a_seed-0_aug-True_GPU0_20260509_180305\confmats\avg_confusion_matrix.png","42372","bcf7f0ddde18a2929c2166de19505a61d293f67b067799aabcc9e424047bde0e"
"reports\tcformer_multi_exit_ablation\runs\multi_exit_self_distill_fixed_average\TCFormer_bcic2a_seed-0_aug-True_GPU0_20260509_180305\confmats\confmat_subject_1.png","38236","41342899ec299a46f9639932e25762a2243e0c046ca480ed9abee90c8f293ac5"
"reports\tcformer_multi_exit_ablation\runs\multi_exit_self_distill_fixed_average\TCFormer_bcic2a_seed-0_aug-True_GPU0_20260509_180305\confmats\confmat_subject_2.png","40344","b0f169afa70044505ffb6aff04f8efa04d4b81bc3060dfb6e1929cf86f575e94"
"reports\tcformer_multi_exit_ablation\runs\multi_exit_self_distill_fixed_average\TCFormer_bcic2a_seed-0_aug-True_GPU0_20260509_180305\confmats\confmat_subject_3.png","37902","48652bf3e892f2b00820d3c82c2f55a63fd8c6140e38aacfd97d2857fe02b923"
"reports\tcformer_multi_exit_ablation\runs\multi_exit_self_distill_fixed_average\TCFormer_bcic2a_seed-0_aug-True_GPU0_20260509_180305\confmats\confmat_subject_4.png","39725","d206d91335ddecebe5719b5d862306e9bc1fa129c593be31946c3fb167bfae1b"
"reports\tcformer_multi_exit_ablation\runs\multi_exit_self_distill_fixed_average\TCFormer_bcic2a_seed-0_aug-True_GPU0_20260509_180305\confmats\confmat_subject_5.png","42410","022ad21afc932e8cbb19351d929d971549398e39e4e6d9b55b47ff2d333db583"
"reports\tcformer_multi_exit_ablation\runs\multi_exit_self_distill_fixed_average\TCFormer_bcic2a_seed-0_aug-True_GPU0_20260509_180305\confmats\confmat_subject_6.png","40625","5ba28dcadc15314eeae54f66105d8c252c85ac99e0b54a16da4efbab67f730fe"
"reports\tcformer_multi_exit_ablation\runs\multi_exit_self_distill_fixed_average\TCFormer_bcic2a_seed-0_aug-True_GPU0_20260509_180305\confmats\confmat_subject_7.png","37790","3081f633505463c84aa3425f142fd731f1499c5bbf69611d0e5a4cb82a2ef6de"
"reports\tcformer_multi_exit_ablation\runs\multi_exit_self_distill_fixed_average\TCFormer_bcic2a_seed-0_aug-True_GPU0_20260509_180305\confmats\confmat_subject_8.png","38010","33a33e9b71c54b08593687fd08c4f613117888630ad7514e97704dcbfee566e6"
"reports\tcformer_multi_exit_ablation\runs\multi_exit_self_distill_fixed_average\TCFormer_bcic2a_seed-0_aug-True_GPU0_20260509_180305\confmats\confmat_subject_9.png","38882","93a3b7efd8233c547cdf1c1ebeade87bdc05fad45cfce684332c30f03f7c505b"
"reports\tcformer_multi_exit_ablation\runs\multi_exit_self_distill_fixed_average\TCFormer_bcic2a_seed-0_aug-True_GPU0_20260509_180305\curves\subject_1_acc.png","42138","45410567949016cdc9e66ff3558877429cb7e50e6f26f3f974064e9bf3f75614"
"reports\tcformer_multi_exit_ablation\runs\multi_exit_self_distill_fixed_average\TCFormer_bcic2a_seed-0_aug-True_GPU0_20260509_180305\curves\subject_1_loss.png","40204","ae8a995e7b51349e73b8333cfbc5f4b2565bbaa4c1348df69d1d8ab676790a60"
"reports\tcformer_multi_exit_ablation\runs\multi_exit_self_distill_fixed_average\TCFormer_bcic2a_seed-0_aug-True_GPU0_20260509_180305\curves\subject_2_acc.png","46801","130b72280e8cbad38a031ff3ffecaeb1ae8f245e75dab891979e973df737a344"
"reports\tcformer_multi_exit_ablation\runs\multi_exit_self_distill_fixed_average\TCFormer_bcic2a_seed-0_aug-True_GPU0_20260509_180305\curves\subject_2_loss.png","39520","96ac12b6e6c807b5603edcce28615debd04f57a940ea325d8f7e52a31d370483"
"reports\tcformer_multi_exit_ablation\runs\multi_exit_self_distill_fixed_average\TCFormer_bcic2a_seed-0_aug-True_GPU0_20260509_180305\curves\subject_3_acc.png","40329","2e45aa92db71ea5cd5b53552dc2a6ec5202de3486008db0fd6f5e4b57bf67cc8"
"reports\tcformer_multi_exit_ablation\runs\multi_exit_self_distill_fixed_average\TCFormer_bcic2a_seed-0_aug-True_GPU0_20260509_180305\curves\subject_3_loss.png","39010","e767c0374573e6f22b6b67690e55f288c8afaf73982eac5f662c7fe297685048"
"reports\tcformer_multi_exit_ablation\runs\multi_exit_self_distill_fixed_average\TCFormer_bcic2a_seed-0_aug-True_GPU0_20260509_180305\curves\subject_4_acc.png","39076","6239774e34a5fdd2035d40b39fd58c0bfdfee9bbacdea982d52111888c759215"
"reports\tcformer_multi_exit_ablation\runs\multi_exit_self_distill_fixed_average\TCFormer_bcic2a_seed-0_aug-True_GPU0_20260509_180305\curves\subject_4_loss.png","40352","424822b58f72f32107685008be7d4277c398b3431f040a58bdb0c30281b6d729"
"reports\tcformer_multi_exit_ablation\runs\multi_exit_self_distill_fixed_average\TCFormer_bcic2a_seed-0_aug-True_GPU0_20260509_180305\curves\subject_5_acc.png","41013","ef50080c5dedacbb8cdba925da9d78fb1cedc6c76a0c7994ce114cf77951226b"
"reports\tcformer_multi_exit_ablation\runs\multi_exit_self_distill_fixed_average\TCFormer_bcic2a_seed-0_aug-True_GPU0_20260509_180305\curves\subject_5_loss.png","39937","b997389ab1bbd5e7080d719ac633bfdb0eaf22434f64d47b766a164d01579870"
"reports\tcformer_multi_exit_ablation\runs\multi_exit_self_distill_fixed_average\TCFormer_bcic2a_seed-0_aug-True_GPU0_20260509_180305\curves\subject_6_acc.png","41925","e54ca4654b9f658e128c5e9026d77428dd02fd812fa4015f7ea1567ae15424bf"
"reports\tcformer_multi_exit_ablation\runs\multi_exit_self_distill_fixed_average\TCFormer_bcic2a_seed-0_aug-True_GPU0_20260509_180305\curves\subject_6_loss.png","40825","8b1ada08e92530f13fc60b2226249673e9a2c94ca281f0999bf83445a104adf4"
"reports\tcformer_multi_exit_ablation\runs\multi_exit_self_distill_fixed_average\TCFormer_bcic2a_seed-0_aug-True_GPU0_20260509_180305\curves\subject_7_acc.png","41601","e7d22efbbd19785d30fe89f3b71e4ebab819b999a0725df4ccde0913af04ab46"
"reports\tcformer_multi_exit_ablation\runs\multi_exit_self_distill_fixed_average\TCFormer_bcic2a_seed-0_aug-True_GPU0_20260509_180305\curves\subject_7_loss.png","40902","260efdc05f9dd6be20737147a0001a5aa9b3a0beae2e1fb71da366f55acc7ac7"
"reports\tcformer_multi_exit_ablation\runs\multi_exit_self_distill_fixed_average\TCFormer_bcic2a_seed-0_aug-True_GPU0_20260509_180305\curves\subject_8_acc.png","37605","6af084d0984dfaaa251cce59f484e8f9a1a0cb2b8988473a3614e9df122cd302"
"reports\tcformer_multi_exit_ablation\runs\multi_exit_self_distill_fixed_average\TCFormer_bcic2a_seed-0_aug-True_GPU0_20260509_180305\curves\subject_8_loss.png","39714","a04816411d4940828269d6c0d2cf3faf00c7572feac94a4c22f853f154d49dff"
"reports\tcformer_multi_exit_ablation\runs\multi_exit_self_distill_fixed_average\TCFormer_bcic2a_seed-0_aug-True_GPU0_20260509_180305\curves\subject_9_acc.png","37590","eff20bb8ed32a1a0b582252ee70e7552128e59e4e8403f50c98196af700723af"
"reports\tcformer_multi_exit_ablation\runs\multi_exit_self_distill_fixed_average\TCFormer_bcic2a_seed-0_aug-True_GPU0_20260509_180305\curves\subject_9_loss.png","38243","f1d7f269ab8880bb1a907a902f31a667adb6c80d17cff1dc92ae9b98f76107c6"
"reports\tcformer_multi_exit_ablation\runs\multi_exit_self_distill_fixed_average\TCFormer_bcic2a_seed-0_aug-True_GPU0_20260509_180305\live_progress.txt","156","f585fa134d0c0adcc342b08f1afec32247f1c1696773a62492aea737974d7716"
"reports\tcformer_multi_exit_ablation\runs\multi_exit_self_distill_fixed_average\TCFormer_bcic2a_seed-0_aug-True_GPU0_20260509_180305\results.txt","2398","1cfa6f54f521fb663063a70c43f8ce252cf77723b8a06e1846467a8f594f5678"
"reports\tcformer_multi_exit_ablation\runs\multi_exit_self_distill_fixed_average\TCFormer_bcic2a_seed-0_aug-True_GPU0_20260509_180305\subject_1_progress.txt","156","840c0b9489cd996f6b67274acd5697e1aa7bbe338caed3f874536592dc5a4810"
"reports\tcformer_multi_exit_ablation\runs\multi_exit_self_distill_fixed_average\TCFormer_bcic2a_seed-0_aug-True_GPU0_20260509_180305\subject_2_progress.txt","156","ec8b5a450ebc96d0485ad30f80fdbc5ba869bddf4c8f87fdfe8eb9f82b3c1142"
"reports\tcformer_multi_exit_ablation\runs\multi_exit_self_distill_fixed_average\TCFormer_bcic2a_seed-0_aug-True_GPU0_20260509_180305\subject_3_progress.txt","156","f404c9736937c9863fd0ef0984840d0009230952b0cfdf145a03fc099846256b"
"reports\tcformer_multi_exit_ablation\runs\multi_exit_self_distill_fixed_average\TCFormer_bcic2a_seed-0_aug-True_GPU0_20260509_180305\subject_4_progress.txt","156","c024a439971ea6bb6730e294fa52d646c07a962bf0304a94a25d9f24ab96e911"
"reports\tcformer_multi_exit_ablation\runs\multi_exit_self_distill_fixed_average\TCFormer_bcic2a_seed-0_aug-True_GPU0_20260509_180305\subject_5_progress.txt","156","701a2e5a584f434cc5e513f9d33ac5724b7d913d4ff08f3477548b9d5c78619f"
"reports\tcformer_multi_exit_ablation\runs\multi_exit_self_distill_fixed_average\TCFormer_bcic2a_seed-0_aug-True_GPU0_20260509_180305\subject_6_progress.txt","156","a1c6f8792d7f8924678f5b8357cde52255041821dd770dbe510839d28fa01601"
"reports\tcformer_multi_exit_ablation\runs\multi_exit_self_distill_fixed_average\TCFormer_bcic2a_seed-0_aug-True_GPU0_20260509_180305\subject_7_progress.txt","156","0f7a24974db011bf3bb9c336a5428cdd7e8dff77a85c506d618bd92eb7ffa837"
"reports\tcformer_multi_exit_ablation\runs\multi_exit_self_distill_fixed_average\TCFormer_bcic2a_seed-0_aug-True_GPU0_20260509_180305\subject_8_progress.txt","156","82bb9415698fe34654e6666eecf9646ab61dd99a8b55a1df24b9362423eeb71a"
"reports\tcformer_multi_exit_ablation\runs\multi_exit_self_distill_fixed_average\TCFormer_bcic2a_seed-0_aug-True_GPU0_20260509_180305\subject_9_progress.txt","156","f585fa134d0c0adcc342b08f1afec32247f1c1696773a62492aea737974d7716"
"reports\tcformer_multi_exit_ablation\runs\shallow_final\TCFormer_bcic2a_seed-0_aug-True_GPU0_20260510_123746\config.yaml","2323","b0f5c1be3f1f0735c8844a270bf8daca324203403ca1c467f74cf1a3dcfe90ee"
"reports\tcformer_multi_exit_ablation\runs\shallow_final\TCFormer_bcic2a_seed-0_aug-True_GPU0_20260510_123746\live_progress.txt","72","c4557cb2cb21a656739c846473a1a883d11a3c383d94b6079d8882598b1a7181"
"reports\tcformer_multi_exit_ablation\runs\shallow_final\TCFormer_bcic2a_seed-0_aug-True_GPU0_20260510_123746\subject_1_progress.txt","72","c4557cb2cb21a656739c846473a1a883d11a3c383d94b6079d8882598b1a7181"
"reports\tcformer_multi_exit_ablation\runs\shallow_final\TCFormer_bcic2a_seed-0_aug-True_GPU0_20260510_123833\config.yaml","2321","6a2fe0c22f509a1404d2b9cff3a262690ce7db2e8d32ed8c04cac6cd37a160e7"
"reports\tcformer_multi_exit_ablation\runs\shallow_final\TCFormer_bcic2a_seed-0_aug-True_GPU0_20260510_123833\live_progress.txt","69","eb42e71468c5695240fee6a2d841666d9bd3ba322d2d36db67df701e565512a9"
"reports\tcformer_multi_exit_ablation\runs\shallow_final\TCFormer_bcic2a_seed-0_aug-True_GPU0_20260510_123833\subject_1_progress.txt","69","eb42e71468c5695240fee6a2d841666d9bd3ba322d2d36db67df701e565512a9"
"reports\tcformer_multi_exit_ablation\runs\shallow_final\TCFormer_bcic2a_seed-0_aug-True_GPU0_20260510_124050\config.yaml","2320","81ad07ee917f00b1eab3f7f13cc549bc643903652ecf40a13a053a1b7f717f67"
"reports\tcformer_multi_exit_ablation\runs\shallow_final\TCFormer_bcic2a_seed-0_aug-True_GPU0_20260510_124050\live_progress.txt","69","eb42e71468c5695240fee6a2d841666d9bd3ba322d2d36db67df701e565512a9"
"reports\tcformer_multi_exit_ablation\runs\shallow_final\TCFormer_bcic2a_seed-0_aug-True_GPU0_20260510_124050\subject_1_progress.txt","69","eb42e71468c5695240fee6a2d841666d9bd3ba322d2d36db67df701e565512a9"
"reports\tcformer_multi_exit_ablation\runs\shallow_final\TCFormer_bcic2a_seed-0_aug-True_GPU0_20260510_172548\config.yaml","2323","b0f5c1be3f1f0735c8844a270bf8daca324203403ca1c467f74cf1a3dcfe90ee"
"reports\tcformer_multi_exit_ablation\runs\shallow_final\TCFormer_bcic2a_seed-0_aug-True_GPU0_20260510_172548\live_progress.txt","153","f1663cceeb67ba35c5a5cbf58b56050ddbe5ec5680ea9e55837b57524f29b876"
"reports\tcformer_multi_exit_ablation\runs\shallow_final\TCFormer_bcic2a_seed-0_aug-True_GPU0_20260510_172548\subject_1_progress.txt","153","f1663cceeb67ba35c5a5cbf58b56050ddbe5ec5680ea9e55837b57524f29b876"
"reports\tcformer_multi_exit_ablation\runs\shallow_final\TCFormer_bcic2a_seed-0_aug-True_GPU0_20260510_182057\config.yaml","2323","b0f5c1be3f1f0735c8844a270bf8daca324203403ca1c467f74cf1a3dcfe90ee"
"reports\tcformer_multi_exit_ablation\runs\shallow_final\TCFormer_bcic2a_seed-0_aug-True_GPU0_20260510_182057\confmats\avg_confusion_matrix.png","42713","2ed21336de829f5c97c90ad6dfe293d590e572dbf5ba47a2888c819fca47f8cd"
"reports\tcformer_multi_exit_ablation\runs\shallow_final\TCFormer_bcic2a_seed-0_aug-True_GPU0_20260510_182057\confmats\confmat_subject_1.png","38228","bce53f36552634a715f3b912fbb4855e8dfde84a34f60784830e14b48775b1a1"
"reports\tcformer_multi_exit_ablation\runs\shallow_final\TCFormer_bcic2a_seed-0_aug-True_GPU0_20260510_182057\confmats\confmat_subject_2.png","40855","664911c685685ff62f8d7c0ec27bc86f6b7cde42b6955d35f59b6433318a9241"
"reports\tcformer_multi_exit_ablation\runs\shallow_final\TCFormer_bcic2a_seed-0_aug-True_GPU0_20260510_182057\confmats\confmat_subject_3.png","38955","705ce7bb721f224c55a7162e8a169a2b0c3ffd6dfb48bf8e18ea4133603fa501"
"reports\tcformer_multi_exit_ablation\runs\shallow_final\TCFormer_bcic2a_seed-0_aug-True_GPU0_20260510_182057\confmats\confmat_subject_4.png","39002","b1b47421a16ff0d7a0706793bbe0b4e00a3a0a9d9ab9e5a8aa8952f56e8dca66"
"reports\tcformer_multi_exit_ablation\runs\shallow_final\TCFormer_bcic2a_seed-0_aug-True_GPU0_20260510_182057\confmats\confmat_subject_5.png","40915","02bf91fe9cc6666c0802ed63960268638d4c4750dbefa4ebb8ede3ce6ee09fe0"
"reports\tcformer_multi_exit_ablation\runs\shallow_final\TCFormer_bcic2a_seed-0_aug-True_GPU0_20260510_182057\confmats\confmat_subject_6.png","39420","e5e11454bbb912157466ec4ed1cba4c99dbb69b2bbb77ee1825c7633a63c96de"
"reports\tcformer_multi_exit_ablation\runs\shallow_final\TCFormer_bcic2a_seed-0_aug-True_GPU0_20260510_182057\confmats\confmat_subject_7.png","38139","db2d52d548cf5d3b63c6f159f2d9610516850a1c9b61c5fd74332f8aa238f824"
"reports\tcformer_multi_exit_ablation\runs\shallow_final\TCFormer_bcic2a_seed-0_aug-True_GPU0_20260510_182057\confmats\confmat_subject_8.png","40092","8a97b44e0b23ab0d628cf35afdca1aa900462915c2c54816bb569a5002a101a8"
"reports\tcformer_multi_exit_ablation\runs\shallow_final\TCFormer_bcic2a_seed-0_aug-True_GPU0_20260510_182057\confmats\confmat_subject_9.png","39436","ebafbebb3d57b0ad0cb618780af1b9adb5044d29a4f2adf12b75e0d77899dd14"
"reports\tcformer_multi_exit_ablation\runs\shallow_final\TCFormer_bcic2a_seed-0_aug-True_GPU0_20260510_182057\curves\subject_1_acc.png","41224","d0e134f9bb761ba9846e74375f79c6a5ebb31e18d8dd9d346cd1b668189df40b"
"reports\tcformer_multi_exit_ablation\runs\shallow_final\TCFormer_bcic2a_seed-0_aug-True_GPU0_20260510_182057\curves\subject_1_loss.png","38746","4d6ffe85faa9acafc21966521dfd346e6c70e5547ad59eedccaa64885ebd917a"
"reports\tcformer_multi_exit_ablation\runs\shallow_final\TCFormer_bcic2a_seed-0_aug-True_GPU0_20260510_182057\curves\subject_2_acc.png","45848","1bb2c04d3a0d619786e53524ce3819fa7c651a4a14dbe3d85e218d9073955239"
"reports\tcformer_multi_exit_ablation\runs\shallow_final\TCFormer_bcic2a_seed-0_aug-True_GPU0_20260510_182057\curves\subject_2_loss.png","38183","956b633c6954df227b93bbacce4293435355ee44395ce0061956336716e602f9"
"reports\tcformer_multi_exit_ablation\runs\shallow_final\TCFormer_bcic2a_seed-0_aug-True_GPU0_20260510_182057\curves\subject_3_acc.png","39955","1f3fbeedbcced17a55693b78e391228ca53479eb9a49b06443b05c29efe9461a"
"reports\tcformer_multi_exit_ablation\runs\shallow_final\TCFormer_bcic2a_seed-0_aug-True_GPU0_20260510_182057\curves\subject_3_loss.png","38938","c0a9672b49e8fc58c775ce44c574f449306b792ac75ec1f47e2cb0c7c89cf3f8"
"reports\tcformer_multi_exit_ablation\runs\shallow_final\TCFormer_bcic2a_seed-0_aug-True_GPU0_20260510_182057\curves\subject_4_acc.png","37346","e67c293ba3fe301c86b5a6d077a28404058fefa7615bb0482bc956c4d3ccaaf6"
"reports\tcformer_multi_exit_ablation\runs\shallow_final\TCFormer_bcic2a_seed-0_aug-True_GPU0_20260510_182057\curves\subject_4_loss.png","37629","10200fb6186a80efeb7b3457ead2d2509b7294c163a8565df52859a0e8611d43"
"reports\tcformer_multi_exit_ablation\runs\shallow_final\TCFormer_bcic2a_seed-0_aug-True_GPU0_20260510_182057\curves\subject_5_acc.png","39719","bb7e7cf4f5aa09a5c7adb9b5506f5ef09522489515f624a3cec4fd461d3901d3"
"reports\tcformer_multi_exit_ablation\runs\shallow_final\TCFormer_bcic2a_seed-0_aug-True_GPU0_20260510_182057\curves\subject_5_loss.png","38905","0c1f011dc34cace24f31b6a33ed4ef29c3f9eaba9e07f41b79c8d1b2ae4902a5"
"reports\tcformer_multi_exit_ablation\runs\shallow_final\TCFormer_bcic2a_seed-0_aug-True_GPU0_20260510_182057\curves\subject_6_acc.png","42586","188548366b3af113fb40cd16f4079bc151b976da7d3c0e407bc4008a694e4c74"
"reports\tcformer_multi_exit_ablation\runs\shallow_final\TCFormer_bcic2a_seed-0_aug-True_GPU0_20260510_182057\curves\subject_6_loss.png","40112","287ff5f024f7b47c5ab396a3e04ff16ca4387eeb42cb5ab5dd227d923a10cc99"
"reports\tcformer_multi_exit_ablation\runs\shallow_final\TCFormer_bcic2a_seed-0_aug-True_GPU0_20260510_182057\curves\subject_7_acc.png","40686","afc2a034371ba07de6d7e3f57bbe570163eea32032ae13e867b0e6593c0c38be"
"reports\tcformer_multi_exit_ablation\runs\shallow_final\TCFormer_bcic2a_seed-0_aug-True_GPU0_20260510_182057\curves\subject_7_loss.png","38793","654b176dfa1212c2cbe772bb880e8640c4dc63660f648e9d291680716c142383"
"reports\tcformer_multi_exit_ablation\runs\shallow_final\TCFormer_bcic2a_seed-0_aug-True_GPU0_20260510_182057\curves\subject_8_acc.png","41191","d736230232cd698d320aa1e178bf40a919c3cc7847efe0ca8c5e434671e42c39"
"reports\tcformer_multi_exit_ablation\runs\shallow_final\TCFormer_bcic2a_seed-0_aug-True_GPU0_20260510_182057\curves\subject_8_loss.png","38912","1d26c1dfa747648a07760703fc88de1f4999701663330b6c0ab95efe023affbd"
"reports\tcformer_multi_exit_ablation\runs\shallow_final\TCFormer_bcic2a_seed-0_aug-True_GPU0_20260510_182057\curves\subject_9_acc.png","36254","c8c278e2ea380416e4b1e3bec9805068e2cfeac52db6e3a96b6c0969ef484097"
"reports\tcformer_multi_exit_ablation\runs\shallow_final\TCFormer_bcic2a_seed-0_aug-True_GPU0_20260510_182057\curves\subject_9_loss.png","35989","47064be54e60b3539fef2de87c7c5f061f5a9934f4cee660ce019095a9b243d4"
"reports\tcformer_multi_exit_ablation\runs\shallow_final\TCFormer_bcic2a_seed-0_aug-True_GPU0_20260510_182057\live_progress.txt","156","80bedc833d8462cd016e43c5b64259a9811d5a364438a40c52c292af74a37afb"
"reports\tcformer_multi_exit_ablation\runs\shallow_final\TCFormer_bcic2a_seed-0_aug-True_GPU0_20260510_182057\results.txt","2313","ed6334728562e4f5e89ac861d217c58259bac072471e3841615464d91de4f61b"
"reports\tcformer_multi_exit_ablation\runs\shallow_final\TCFormer_bcic2a_seed-0_aug-True_GPU0_20260510_182057\subject_1_progress.txt","156","ee8754fbf0b06f034bf030ace25c4f064ad5b7638c6c8b3b31392f1c76643b7b"
"reports\tcformer_multi_exit_ablation\runs\shallow_final\TCFormer_bcic2a_seed-0_aug-True_GPU0_20260510_182057\subject_2_progress.txt","156","9ae6976de71f8e299ee7868d8efc14425f799fd9f5fb68630d688ea12c3fee0a"
"reports\tcformer_multi_exit_ablation\runs\shallow_final\TCFormer_bcic2a_seed-0_aug-True_GPU0_20260510_182057\subject_3_progress.txt","156","a4430a5acaf1c90883b79d5c211936c8bf6441ed98b6029e4dcd72836c04f8b0"
"reports\tcformer_multi_exit_ablation\runs\shallow_final\TCFormer_bcic2a_seed-0_aug-True_GPU0_20260510_182057\subject_4_progress.txt","156","4d3e56af72d58bf4018eb1e71112f4c2070e7db898cf4858812f0ede381e4319"
"reports\tcformer_multi_exit_ablation\runs\shallow_final\TCFormer_bcic2a_seed-0_aug-True_GPU0_20260510_182057\subject_5_progress.txt","156","6ac9a660172af1d561bec23420b01035c28e21d67c1d6d6500addd626634986e"
"reports\tcformer_multi_exit_ablation\runs\shallow_final\TCFormer_bcic2a_seed-0_aug-True_GPU0_20260510_182057\subject_6_progress.txt","156","34ce01de5ec3c1540f3d4b505fcc3001735499008500ea06d20a223acc8f8883"
"reports\tcformer_multi_exit_ablation\runs\shallow_final\TCFormer_bcic2a_seed-0_aug-True_GPU0_20260510_182057\subject_7_progress.txt","156","55561603579a54cca9c678c842f5680b75de3b16a2cce32fc017fe4dad118149"
"reports\tcformer_multi_exit_ablation\runs\shallow_final\TCFormer_bcic2a_seed-0_aug-True_GPU0_20260510_182057\subject_8_progress.txt","156","93ef5be4b9c8319a165f6bc13e025b7f43e7b02bd94bbf32d3e53e39601bfb80"
"reports\tcformer_multi_exit_ablation\runs\shallow_final\TCFormer_bcic2a_seed-0_aug-True_GPU0_20260510_182057\subject_9_progress.txt","156","80bedc833d8462cd016e43c5b64259a9811d5a364438a40c52c292af74a37afb"
"reports\tcformer_multi_exit_ablation\runs\shallow_mid_deep_final\TCFormer_bcic2a_seed-0_aug-True_GPU0_20260511_085708\config.yaml","2326","9c3de1ff5e0aebc27a03a4ac5cbe18421763532c216a7dd855e607e291297b44"
"reports\tcformer_multi_exit_ablation\runs\shallow_mid_deep_final\TCFormer_bcic2a_seed-0_aug-True_GPU0_20260511_085708\live_progress.txt","155","b4bf41a8e75e698094052fc0d97445a350c78080e3222aeb9f2de275f1cfdc10"
"reports\tcformer_multi_exit_ablation\runs\shallow_mid_deep_final\TCFormer_bcic2a_seed-0_aug-True_GPU0_20260511_085708\subject_1_progress.txt","155","b4bf41a8e75e698094052fc0d97445a350c78080e3222aeb9f2de275f1cfdc10"
"reports\tcformer_multi_exit_ablation\runs\shallow_mid_final\TCFormer_bcic2a_seed-0_aug-True_GPU0_20260511_030021\config.yaml","2324","9eb4599018986d5e6df9d0be1ec5a0189fd2235e9e8254360ca0d97b3f086354"
"reports\tcformer_multi_exit_ablation\runs\shallow_mid_final\TCFormer_bcic2a_seed-0_aug-True_GPU0_20260511_030021\confmats\avg_confusion_matrix.png","42625","2c91ddfdb552b2032f06eb77c7964d116e8d8c3fcae74add68d12b1248d4bfdd"
"reports\tcformer_multi_exit_ablation\runs\shallow_mid_final\TCFormer_bcic2a_seed-0_aug-True_GPU0_20260511_030021\confmats\confmat_subject_1.png","39151","233cad5c4619cbbaa81691b3ef86ddcfbcab0f58f3d22ec7cf6b66a2760a2a33"
"reports\tcformer_multi_exit_ablation\runs\shallow_mid_final\TCFormer_bcic2a_seed-0_aug-True_GPU0_20260511_030021\confmats\confmat_subject_2.png","40893","fd94cc0c10683ba2c367411046edfc6ebf18886d07d68c5aa8fa5c2a4d4bdb4c"
"reports\tcformer_multi_exit_ablation\runs\shallow_mid_final\TCFormer_bcic2a_seed-0_aug-True_GPU0_20260511_030021\confmats\confmat_subject_3.png","38266","f04208d2cfeeca048e8f68fc0b6501cec331ffece0e01da12bb8e195317a86c2"
"reports\tcformer_multi_exit_ablation\runs\shallow_mid_final\TCFormer_bcic2a_seed-0_aug-True_GPU0_20260511_030021\confmats\confmat_subject_4.png","40937","dc9c6ebb91d6703f5e16a8ad21349ae1535470a56b5bf9ce598e5795d54c321b"
"reports\tcformer_multi_exit_ablation\runs\shallow_mid_final\TCFormer_bcic2a_seed-0_aug-True_GPU0_20260511_030021\confmats\confmat_subject_5.png","40838","fa9fcedb8f74250535574520e64fe4700a01b7ead73c6078052031c75717a062"
"reports\tcformer_multi_exit_ablation\runs\shallow_mid_final\TCFormer_bcic2a_seed-0_aug-True_GPU0_20260511_030021\confmats\confmat_subject_6.png","41057","feae272151f99b9a19cbf09930cced9642a47001a33b29b69e2d95549a4b0347"
"reports\tcformer_multi_exit_ablation\runs\shallow_mid_final\TCFormer_bcic2a_seed-0_aug-True_GPU0_20260511_030021\confmats\confmat_subject_7.png","38278","9f65be869363faee31fcc288a2b20769b9e1cf03bedb4683f44aab76e2080722"
"reports\tcformer_multi_exit_ablation\runs\shallow_mid_final\TCFormer_bcic2a_seed-0_aug-True_GPU0_20260511_030021\confmats\confmat_subject_8.png","39953","a7eb8bf5b3807981f6d834fe56795087a67fd6f11c6b0447b93d0232524fa7bf"
"reports\tcformer_multi_exit_ablation\runs\shallow_mid_final\TCFormer_bcic2a_seed-0_aug-True_GPU0_20260511_030021\confmats\confmat_subject_9.png","39810","6d84bbeb824a29e11e15e751f5754921543644c33cdb4dcf0068b576eeaf41a2"
"reports\tcformer_multi_exit_ablation\runs\shallow_mid_final\TCFormer_bcic2a_seed-0_aug-True_GPU0_20260511_030021\curves\subject_1_acc.png","41418","524066185f6cf41a6564936c1932d68b6c21ed9b3a7aa6468feb79c0b4884b4e"
"reports\tcformer_multi_exit_ablation\runs\shallow_mid_final\TCFormer_bcic2a_seed-0_aug-True_GPU0_20260511_030021\curves\subject_1_loss.png","39636","183aaab6a9a8795308b15236af97501df2fc7053a0bea40a013c5621dce95bc4"
"reports\tcformer_multi_exit_ablation\runs\shallow_mid_final\TCFormer_bcic2a_seed-0_aug-True_GPU0_20260511_030021\curves\subject_2_acc.png","47143","eaa61a4b8df2051ab6860dfc99c7a280f9c1569b874939dd808e6550ab4c4d8b"
"reports\tcformer_multi_exit_ablation\runs\shallow_mid_final\TCFormer_bcic2a_seed-0_aug-True_GPU0_20260511_030021\curves\subject_2_loss.png","41426","9762777136affe1e419e5bcd76baa51e5404fb714f4a6cd723647a73e05e80dd"
"reports\tcformer_multi_exit_ablation\runs\shallow_mid_final\TCFormer_bcic2a_seed-0_aug-True_GPU0_20260511_030021\curves\subject_3_acc.png","39878","51713abf2fb2babe3b2e3033eeb2c28801c3753e045c0e979d07fde7c2796d9b"
"reports\tcformer_multi_exit_ablation\runs\shallow_mid_final\TCFormer_bcic2a_seed-0_aug-True_GPU0_20260511_030021\curves\subject_3_loss.png","38286","be2ef23dab275f11a40cdc456e36fb56829a2868c4b1bd95f3a63f36951f76d6"
"reports\tcformer_multi_exit_ablation\runs\shallow_mid_final\TCFormer_bcic2a_seed-0_aug-True_GPU0_20260511_030021\curves\subject_4_acc.png","38610","2edc85497f81911a0e6b725906c8502bf5709f3c104f0dfcf10ee3f67527fcdc"
"reports\tcformer_multi_exit_ablation\runs\shallow_mid_final\TCFormer_bcic2a_seed-0_aug-True_GPU0_20260511_030021\curves\subject_4_loss.png","40099","844f4ccae9ee345052d27d2759c3b7f161d95d8338dd135c9d93ba2b632b689d"
"reports\tcformer_multi_exit_ablation\runs\shallow_mid_final\TCFormer_bcic2a_seed-0_aug-True_GPU0_20260511_030021\curves\subject_5_acc.png","40023","719a042e82f26ac3d1c642426ddecbc717760b6e7823a3ee89bf90af74cc48be"
"reports\tcformer_multi_exit_ablation\runs\shallow_mid_final\TCFormer_bcic2a_seed-0_aug-True_GPU0_20260511_030021\curves\subject_5_loss.png","39456","ed0c8e30115e5eda4e5f7107935595dfd72f8c83aa36067d092a7435868b35b3"
"reports\tcformer_multi_exit_ablation\runs\shallow_mid_final\TCFormer_bcic2a_seed-0_aug-True_GPU0_20260511_030021\curves\subject_6_acc.png","42537","663cd8668c643600f08b5db5e03a91b689d7ed7fe6ad664b6e7ee6e10813f48f"
"reports\tcformer_multi_exit_ablation\runs\shallow_mid_final\TCFormer_bcic2a_seed-0_aug-True_GPU0_20260511_030021\curves\subject_6_loss.png","40837","cfae8cf905dc16b1b489bcadaac891e288a8aef80e26f56ab91f8172ed6d9540"
"reports\tcformer_multi_exit_ablation\runs\shallow_mid_final\TCFormer_bcic2a_seed-0_aug-True_GPU0_20260511_030021\curves\subject_7_acc.png","40520","a4705792144dc2f015a8506389bf39522b83c5ebc45655d67ca60f8f93b12991"
"reports\tcformer_multi_exit_ablation\runs\shallow_mid_final\TCFormer_bcic2a_seed-0_aug-True_GPU0_20260511_030021\curves\subject_7_loss.png","38430","394fceb5253e287ea1f162576665034d85784216126a587bc576b031501a3a55"
"reports\tcformer_multi_exit_ablation\runs\shallow_mid_final\TCFormer_bcic2a_seed-0_aug-True_GPU0_20260511_030021\curves\subject_8_acc.png","40451","688e5198810de0f5b763ae7bf815dfc5518f4f84bed3eb5e5880cf0ebbaeb26d"
"reports\tcformer_multi_exit_ablation\runs\shallow_mid_final\TCFormer_bcic2a_seed-0_aug-True_GPU0_20260511_030021\curves\subject_8_loss.png","38944","75e0e16ef5c4367668309650db26eae918ea4bee4c96d97ea6759490dcdbd5ca"
"reports\tcformer_multi_exit_ablation\runs\shallow_mid_final\TCFormer_bcic2a_seed-0_aug-True_GPU0_20260511_030021\curves\subject_9_acc.png","37077","9bfd972cf3ec3727e4ec447cb5efa88abdfb2262d1c2c8a40ab0d9852f0cd2da"
"reports\tcformer_multi_exit_ablation\runs\shallow_mid_final\TCFormer_bcic2a_seed-0_aug-True_GPU0_20260511_030021\curves\subject_9_loss.png","37772","cdcb80ba1785c5bfec947433252966c23c2cfe31728146b64687bfa8c6c6e2e9"
"reports\tcformer_multi_exit_ablation\runs\shallow_mid_final\TCFormer_bcic2a_seed-0_aug-True_GPU0_20260511_030021\live_progress.txt","156","f50ee9e12ef63d990fcfc46743427742f5eaf3a48fa9842f013e5dc4fe9d398c"
"reports\tcformer_multi_exit_ablation\runs\shallow_mid_final\TCFormer_bcic2a_seed-0_aug-True_GPU0_20260511_030021\results.txt","2354","ebc19ccb98d0b0442954306661cd6d44a00ecdc84d983050726f5f2dbae88654"
"reports\tcformer_multi_exit_ablation\runs\shallow_mid_final\TCFormer_bcic2a_seed-0_aug-True_GPU0_20260511_030021\subject_1_progress.txt","156","b27f35aa7344c56f8c0591476f8939d326263c31032e94f76f5ada03d6198f95"
"reports\tcformer_multi_exit_ablation\runs\shallow_mid_final\TCFormer_bcic2a_seed-0_aug-True_GPU0_20260511_030021\subject_2_progress.txt","156","f6debb16eeb512f161e2c1da15ddf94bd7b169a1b89fb0f78ba7b58420ff134f"
"reports\tcformer_multi_exit_ablation\runs\shallow_mid_final\TCFormer_bcic2a_seed-0_aug-True_GPU0_20260511_030021\subject_3_progress.txt","156","c95713cd41ea14b0723930a15b7cd1b77932557a4af4c57ad15ca6b0076de53b"
"reports\tcformer_multi_exit_ablation\runs\shallow_mid_final\TCFormer_bcic2a_seed-0_aug-True_GPU0_20260511_030021\subject_4_progress.txt","156","8a265551b4807b616e5052ad618ed7a1c7e168121fff964954e29acc0638a9de"
"reports\tcformer_multi_exit_ablation\runs\shallow_mid_final\TCFormer_bcic2a_seed-0_aug-True_GPU0_20260511_030021\subject_5_progress.txt","156","0703cbe256152c308d6913a91e3e7435e645609b3bf2d10b1bfcfc4e8e61cb9a"
"reports\tcformer_multi_exit_ablation\runs\shallow_mid_final\TCFormer_bcic2a_seed-0_aug-True_GPU0_20260511_030021\subject_6_progress.txt","156","7f864d8d8cc2c869d7f95ab5553041e76428b3f2c719da175f33e968cc875a92"
"reports\tcformer_multi_exit_ablation\runs\shallow_mid_final\TCFormer_bcic2a_seed-0_aug-True_GPU0_20260511_030021\subject_7_progress.txt","156","ec896959d9a184059360f86ee684457edf0e8ebfd3c28d77d2e1ee90945a8e49"
"reports\tcformer_multi_exit_ablation\runs\shallow_mid_final\TCFormer_bcic2a_seed-0_aug-True_GPU0_20260511_030021\subject_8_progress.txt","156","3067935b8fbcc5e644ecd3cd84b3ce41a7fea6a86a2cef17ca93d52daeb56639"
"reports\tcformer_multi_exit_ablation\runs\shallow_mid_final\TCFormer_bcic2a_seed-0_aug-True_GPU0_20260511_030021\subject_9_progress.txt","156","f50ee9e12ef63d990fcfc46743427742f5eaf3a48fa9842f013e5dc4fe9d398c"
"reports\tcformer_multi_exit_ablation\runs\teacher_final_supervise_shallow\TCFormer_bcic2a_seed-0_aug-True_GPU0_20260511_151406\config.yaml","2339","194f5add706a0f9b875bf00d36f81dab6f64dedee1319b31044ebcad31c260d2"
"reports\tcformer_multi_exit_ablation\runs\teacher_final_supervise_shallow\TCFormer_bcic2a_seed-0_aug-True_GPU0_20260511_151406\confmats\avg_confusion_matrix.png","42841","9a423e5c533f76a7214ea047b1ea95619dde147822f0e1b297c62ec4bdc98c7c"
"reports\tcformer_multi_exit_ablation\runs\teacher_final_supervise_shallow\TCFormer_bcic2a_seed-0_aug-True_GPU0_20260511_151406\confmats\confmat_subject_1.png","39133","ad524283fe4b0dd75c8f6c15ff733562f07a3085b6ef3ae29c1d60c9554fd41b"
"reports\tcformer_multi_exit_ablation\runs\teacher_final_supervise_shallow\TCFormer_bcic2a_seed-0_aug-True_GPU0_20260511_151406\confmats\confmat_subject_2.png","41015","8f0fb252485d2d33a0eb216351ac3f68d6320fa61fe26ee4644fda53d5e6f8b6"
"reports\tcformer_multi_exit_ablation\runs\teacher_final_supervise_shallow\TCFormer_bcic2a_seed-0_aug-True_GPU0_20260511_151406\confmats\confmat_subject_3.png","37912","b93f28dd05fe8ff0374d67f600ca5005ed1defcb675a2bc39bf7a18b832ccfcc"
"reports\tcformer_multi_exit_ablation\runs\teacher_final_supervise_shallow\TCFormer_bcic2a_seed-0_aug-True_GPU0_20260511_151406\confmats\confmat_subject_4.png","36035","1cf552040c6ee3f47641b7229b55c9a57b546bf360416edd2017a8c507c5de27"
"reports\tcformer_multi_exit_ablation\runs\teacher_final_supervise_shallow\TCFormer_bcic2a_seed-0_aug-True_GPU0_20260511_151406\confmats\confmat_subject_5.png","42510","3e2df79e821e24755b7803b98ec09708c40976cbc150b092beebe01d27895c13"
"reports\tcformer_multi_exit_ablation\runs\teacher_final_supervise_shallow\TCFormer_bcic2a_seed-0_aug-True_GPU0_20260511_151406\confmats\confmat_subject_6.png","41407","1549950c335f76b793e5b0db3690c303bb4b8686861127d1304bff09caa3d017"
"reports\tcformer_multi_exit_ablation\runs\teacher_final_supervise_shallow\TCFormer_bcic2a_seed-0_aug-True_GPU0_20260511_151406\confmats\confmat_subject_7.png","39856","bf4c2d13d3a4758c0d8aecb26b7c8d842412339c27be175e05aca05d376d8507"
"reports\tcformer_multi_exit_ablation\runs\teacher_final_supervise_shallow\TCFormer_bcic2a_seed-0_aug-True_GPU0_20260511_151406\confmats\confmat_subject_8.png","38007","8f485681627c19d0af60f4407642f869642d7349a54364d17d0cb9ea1843d334"
"reports\tcformer_multi_exit_ablation\runs\teacher_final_supervise_shallow\TCFormer_bcic2a_seed-0_aug-True_GPU0_20260511_151406\confmats\confmat_subject_9.png","40084","3f5d52a9c6b043807bf776ef02abad22688aaea8023bd9c8ad3337542566ec09"
"reports\tcformer_multi_exit_ablation\runs\teacher_final_supervise_shallow\TCFormer_bcic2a_seed-0_aug-True_GPU0_20260511_151406\curves\subject_1_acc.png","41653","956bd7d66af97a277aa2841f8c31e8f75ded37fbf00c5e5ffd10ea1924a6e6d2"
"reports\tcformer_multi_exit_ablation\runs\teacher_final_supervise_shallow\TCFormer_bcic2a_seed-0_aug-True_GPU0_20260511_151406\curves\subject_1_loss.png","39150","7ba79e6042bab577d89661e54e56d7588355745736ae2573a2ca0ab5d2406dc1"
"reports\tcformer_multi_exit_ablation\runs\teacher_final_supervise_shallow\TCFormer_bcic2a_seed-0_aug-True_GPU0_20260511_151406\curves\subject_2_acc.png","48889","d2d3f131dc5178c97854e2296779eb3b3ef23cd9498df0e59012a5c55f1c2932"
"reports\tcformer_multi_exit_ablation\runs\teacher_final_supervise_shallow\TCFormer_bcic2a_seed-0_aug-True_GPU0_20260511_151406\curves\subject_2_loss.png","42736","ca0d031e64d330c52967ee15cb459c94a3ae3ef243fb2cd00fb1902d8c6be8be"
"reports\tcformer_multi_exit_ablation\runs\teacher_final_supervise_shallow\TCFormer_bcic2a_seed-0_aug-True_GPU0_20260511_151406\curves\subject_3_acc.png","39756","5614aa8744ebc868c209f5c5cad690d62e4d813dd3f239793725b76db1556b2c"
"reports\tcformer_multi_exit_ablation\runs\teacher_final_supervise_shallow\TCFormer_bcic2a_seed-0_aug-True_GPU0_20260511_151406\curves\subject_3_loss.png","38863","b1fbd0ffb6adac9ed81188d3504c5d29438c709e1d461757f717f06cb1a64e14"
"reports\tcformer_multi_exit_ablation\runs\teacher_final_supervise_shallow\TCFormer_bcic2a_seed-0_aug-True_GPU0_20260511_151406\curves\subject_4_acc.png","38615","e7707ca52df7e433be455beab0c4ad949d5d06dda35285ef939ebcd295332865"
"reports\tcformer_multi_exit_ablation\runs\teacher_final_supervise_shallow\TCFormer_bcic2a_seed-0_aug-True_GPU0_20260511_151406\curves\subject_4_loss.png","40368","e27606fa04f2cfcc49777e94d18c04ad0399e95a29e10fefdcd1733d236a638e"
"reports\tcformer_multi_exit_ablation\runs\teacher_final_supervise_shallow\TCFormer_bcic2a_seed-0_aug-True_GPU0_20260511_151406\curves\subject_5_acc.png","41004","9a6b7be75be2c09a6292178a6af03cf75d7a0240327a1e84c109445642b08913"
"reports\tcformer_multi_exit_ablation\runs\teacher_final_supervise_shallow\TCFormer_bcic2a_seed-0_aug-True_GPU0_20260511_151406\curves\subject_5_loss.png","41370","5775ca7ead62ed226cceca412c7171dce45286bbe7e06de8eafae3013c6cf109"
"reports\tcformer_multi_exit_ablation\runs\teacher_final_supervise_shallow\TCFormer_bcic2a_seed-0_aug-True_GPU0_20260511_151406\curves\subject_6_acc.png","42392","a7531b82e8fdf9d7dec43f500fb0fe46f40320d3f49c3152599f0dfb9cfff2bb"
"reports\tcformer_multi_exit_ablation\runs\teacher_final_supervise_shallow\TCFormer_bcic2a_seed-0_aug-True_GPU0_20260511_151406\curves\subject_6_loss.png","41359","cc64ed49646f97d2aa83cef80c20121e59ce63cc211d68da5456ef80d689df53"
"reports\tcformer_multi_exit_ablation\runs\teacher_final_supervise_shallow\TCFormer_bcic2a_seed-0_aug-True_GPU0_20260511_151406\curves\subject_7_acc.png","40663","d4ed3b9797155337e6669d4ebad5ac261ea7bb4086169535b45b605818829f50"
"reports\tcformer_multi_exit_ablation\runs\teacher_final_supervise_shallow\TCFormer_bcic2a_seed-0_aug-True_GPU0_20260511_151406\curves\subject_7_loss.png","39880","61cab4de4638a59c30eb3a58bfa3a0b80827d929150925b34f9d9c9422fc4b62"
"reports\tcformer_multi_exit_ablation\runs\teacher_final_supervise_shallow\TCFormer_bcic2a_seed-0_aug-True_GPU0_20260511_151406\curves\subject_8_acc.png","38118","8dd0f5957fd397bf66bc25319ab6467c2f7d0e058c5575dd44ed4f05a9f94e8c"
"reports\tcformer_multi_exit_ablation\runs\teacher_final_supervise_shallow\TCFormer_bcic2a_seed-0_aug-True_GPU0_20260511_151406\curves\subject_8_loss.png","39801","b3cbddcd8e65cd9c1bdbc766251ee355040542d2d1e72c42309263c79044aa00"
"reports\tcformer_multi_exit_ablation\runs\teacher_final_supervise_shallow\TCFormer_bcic2a_seed-0_aug-True_GPU0_20260511_151406\curves\subject_9_acc.png","36735","7f642fc975a6797f6381a9dedf13a700fd2a6d480783a3c2c5d0c7cc19f026cb"
"reports\tcformer_multi_exit_ablation\runs\teacher_final_supervise_shallow\TCFormer_bcic2a_seed-0_aug-True_GPU0_20260511_151406\curves\subject_9_loss.png","39468","81866d0be44234ec93c6d023a06c4b953a57df55ea2d0ebbaa221957b0d1594e"
"reports\tcformer_multi_exit_ablation\runs\teacher_final_supervise_shallow\TCFormer_bcic2a_seed-0_aug-True_GPU0_20260511_151406\live_progress.txt","156","7286f1995606e3a7a451bd54574cea908cb1fd5c8ac124da81ac3128cb4636a8"
"reports\tcformer_multi_exit_ablation\runs\teacher_final_supervise_shallow\TCFormer_bcic2a_seed-0_aug-True_GPU0_20260511_151406\results.txt","2396","063e322e754133f8b5bedf81389b98c498a6ab3b9331c2688182ba5aeb28162f"
"reports\tcformer_multi_exit_ablation\runs\teacher_final_supervise_shallow\TCFormer_bcic2a_seed-0_aug-True_GPU0_20260511_151406\subject_1_progress.txt","156","413f0ab3d607bc044000ec7bcca2fdb5d1ecc52d314cff88a544096b1dc3cb7e"
"reports\tcformer_multi_exit_ablation\runs\teacher_final_supervise_shallow\TCFormer_bcic2a_seed-0_aug-True_GPU0_20260511_151406\subject_2_progress.txt","156","7c9eae84411f1efea7fd8d72eb9c192325243aa4b4a33ea3a7efd0c5a1d9f7c0"
"reports\tcformer_multi_exit_ablation\runs\teacher_final_supervise_shallow\TCFormer_bcic2a_seed-0_aug-True_GPU0_20260511_151406\subject_3_progress.txt","156","4822bab09964233d206ae77d4501b29f702fe9e757e3276bd1a9e76d3d6dcf70"
"reports\tcformer_multi_exit_ablation\runs\teacher_final_supervise_shallow\TCFormer_bcic2a_seed-0_aug-True_GPU0_20260511_151406\subject_4_progress.txt","156","16706e4e1b4ecb5734c441282145f68de0ee6dfa20292e3b9e75b06dbd120335"
"reports\tcformer_multi_exit_ablation\runs\teacher_final_supervise_shallow\TCFormer_bcic2a_seed-0_aug-True_GPU0_20260511_151406\subject_5_progress.txt","156","1d6fe284adfad7850bc0feb47628d4cc607331655edf19d03e51d5e4ca24352b"
"reports\tcformer_multi_exit_ablation\runs\teacher_final_supervise_shallow\TCFormer_bcic2a_seed-0_aug-True_GPU0_20260511_151406\subject_6_progress.txt","156","d8f2d754f31985f4eaeee60a95f22d298b4573ea382800559ebb84156cd228cd"
"reports\tcformer_multi_exit_ablation\runs\teacher_final_supervise_shallow\TCFormer_bcic2a_seed-0_aug-True_GPU0_20260511_151406\subject_7_progress.txt","156","927a98dd2e77cc71dfad8cbbeac59227dd4dbb21615226b6d4fe5b97b6cbd6ad"
"reports\tcformer_multi_exit_ablation\runs\teacher_final_supervise_shallow\TCFormer_bcic2a_seed-0_aug-True_GPU0_20260511_151406\subject_8_progress.txt","156","da8334f78028985a62862f715fc3e5ae0333b2dc695e6c28c06fbbc690f46fc6"
"reports\tcformer_multi_exit_ablation\runs\teacher_final_supervise_shallow\TCFormer_bcic2a_seed-0_aug-True_GPU0_20260511_151406\subject_9_progress.txt","156","7286f1995606e3a7a451bd54574cea908cb1fd5c8ac124da81ac3128cb4636a8"
"reports\tcformer_multi_exit_ablation\runs\teacher_mid_deep_only\TCFormer_bcic2a_seed-0_aug-True_GPU0_20260512_080145\config.yaml","2327","e94255eac579f6a13f8951a953c3292fcd40682b462ac5efee505cb8c81fb49a"
"reports\tcformer_multi_exit_ablation\runs\teacher_mid_deep_only\TCFormer_bcic2a_seed-0_aug-True_GPU0_20260512_080145\live_progress.txt","150","d84f600ac7e1083e061541125585e52871c5d9ac7b308a8b59b7c8fedfeab5b2"
"reports\tcformer_multi_exit_ablation\runs\teacher_mid_deep_only\TCFormer_bcic2a_seed-0_aug-True_GPU0_20260512_080145\subject_1_progress.txt","150","d84f600ac7e1083e061541125585e52871c5d9ac7b308a8b59b7c8fedfeab5b2"
"reports\tcformer_multi_exit_ablation\runs\teacher_mid_deep_only\TCFormer_bcic2a_seed-0_aug-True_GPU0_20260512_080216\config.yaml","2327","e94255eac579f6a13f8951a953c3292fcd40682b462ac5efee505cb8c81fb49a"
"reports\tcformer_multi_exit_ablation\runs\teacher_mid_deep_only\TCFormer_bcic2a_seed-0_aug-True_GPU0_20260512_080216\confmats\confmat_subject_1.png","38999","a8f7e5edd301f8568869ba00946aea07e89fcf2bb7ab3614b2b8ec662b5c2391"
"reports\tcformer_multi_exit_ablation\runs\teacher_mid_deep_only\TCFormer_bcic2a_seed-0_aug-True_GPU0_20260512_080216\confmats\confmat_subject_2.png","40430","7de101985cd7c3e2fff517704db3567af4c13d29ba49b3a76e3b744c33868d71"
"reports\tcformer_multi_exit_ablation\runs\teacher_mid_deep_only\TCFormer_bcic2a_seed-0_aug-True_GPU0_20260512_080216\confmats\confmat_subject_3.png","37912","8214a5379e811f034cc704a664309e7c02be7814318d98a400f7924455acab67"
"reports\tcformer_multi_exit_ablation\runs\teacher_mid_deep_only\TCFormer_bcic2a_seed-0_aug-True_GPU0_20260512_080216\confmats\confmat_subject_4.png","37377","821b10f33943c2ef69c20640c0215dcd36ef84b9660ccd8c2c62d7b4542c05c3"
"reports\tcformer_multi_exit_ablation\runs\teacher_mid_deep_only\TCFormer_bcic2a_seed-0_aug-True_GPU0_20260512_080216\confmats\confmat_subject_5.png","41792","ee3a5b4ecc91adba3db8fbe78745167131c5c94c0623aa8385a08caeae90ae63"
"reports\tcformer_multi_exit_ablation\runs\teacher_mid_deep_only\TCFormer_bcic2a_seed-0_aug-True_GPU0_20260512_080216\confmats\confmat_subject_6.png","41015","a4aa74d8b4c93e847cd64398f4b8807117b5a4626ffb1e228145cb5ae75fdf10"
"reports\tcformer_multi_exit_ablation\runs\teacher_mid_deep_only\TCFormer_bcic2a_seed-0_aug-True_GPU0_20260512_080216\confmats\confmat_subject_7.png","39173","9e0ca24e4ac59c0956ee7d1170c82c43b3b6ad38048e8343f0c10053d0df10ad"
"reports\tcformer_multi_exit_ablation\runs\teacher_mid_deep_only\TCFormer_bcic2a_seed-0_aug-True_GPU0_20260512_080216\curves\subject_1_acc.png","41233","2ef1ac425d10e47b8029ad8264d0b684d01fb6ae47d3ebab4600ece06c031cfe"
"reports\tcformer_multi_exit_ablation\runs\teacher_mid_deep_only\TCFormer_bcic2a_seed-0_aug-True_GPU0_20260512_080216\curves\subject_1_loss.png","39440","21fccaee14d8fd8811947eb897f4277e63b229a93801c337862538f3cb28e106"
"reports\tcformer_multi_exit_ablation\runs\teacher_mid_deep_only\TCFormer_bcic2a_seed-0_aug-True_GPU0_20260512_080216\curves\subject_2_acc.png","48492","7efc2dacb78b089ca43e49bd4c80e6c5a4f1e123a4bde9aa0998340a45da3715"
"reports\tcformer_multi_exit_ablation\runs\teacher_mid_deep_only\TCFormer_bcic2a_seed-0_aug-True_GPU0_20260512_080216\curves\subject_2_loss.png","42400","a340ba87da951362619f622631eb6e248f970c7a20559a35d99178298053b518"
"reports\tcformer_multi_exit_ablation\runs\teacher_mid_deep_only\TCFormer_bcic2a_seed-0_aug-True_GPU0_20260512_080216\curves\subject_3_acc.png","39737","7c5b271cf8c9d7b463c3892710ce39e80431073503cf1205d94a8e0f1d784956"
"reports\tcformer_multi_exit_ablation\runs\teacher_mid_deep_only\TCFormer_bcic2a_seed-0_aug-True_GPU0_20260512_080216\curves\subject_3_loss.png","38974","f1b44ace83a8d34bb12fb326c70433098d7254aa80a3d362b5e29def962f91ca"
"reports\tcformer_multi_exit_ablation\runs\teacher_mid_deep_only\TCFormer_bcic2a_seed-0_aug-True_GPU0_20260512_080216\curves\subject_4_acc.png","38602","1c76ad129f10f137e4c02110c7ec555ee2c1bf5a8b31b10325661dd122c396c7"
"reports\tcformer_multi_exit_ablation\runs\teacher_mid_deep_only\TCFormer_bcic2a_seed-0_aug-True_GPU0_20260512_080216\curves\subject_4_loss.png","40390","8f100f2b346c6754196d39f45dca1107fac5d9339bcbc6f110bd17cc12657fea"
"reports\tcformer_multi_exit_ablation\runs\teacher_mid_deep_only\TCFormer_bcic2a_seed-0_aug-True_GPU0_20260512_080216\curves\subject_5_acc.png","41033","6251c0ef825935ef6354ff1841ed83c0a36592c506836ac310213b7f39747bc6"
"reports\tcformer_multi_exit_ablation\runs\teacher_mid_deep_only\TCFormer_bcic2a_seed-0_aug-True_GPU0_20260512_080216\curves\subject_5_loss.png","41591","0faaf1a66a45634c5caa1a81046cf9ed188dc77eaeb8d387783c08450805f2a1"
"reports\tcformer_multi_exit_ablation\runs\teacher_mid_deep_only\TCFormer_bcic2a_seed-0_aug-True_GPU0_20260512_080216\curves\subject_6_acc.png","42055","8cda9589b28c99d5f47c1045cb8560b313924a99e143d3db8f870e1c4dbff652"
"reports\tcformer_multi_exit_ablation\runs\teacher_mid_deep_only\TCFormer_bcic2a_seed-0_aug-True_GPU0_20260512_080216\curves\subject_6_loss.png","40896","7ca07cd9981c32e7b826f4003b0282991205e30322b19dd2c14e603e4b957c73"
"reports\tcformer_multi_exit_ablation\runs\teacher_mid_deep_only\TCFormer_bcic2a_seed-0_aug-True_GPU0_20260512_080216\curves\subject_7_acc.png","41552","1bd9447688a933199adf62b0a03e257442cfd116cb54e94391f50edb5c501b5d"
"reports\tcformer_multi_exit_ablation\runs\teacher_mid_deep_only\TCFormer_bcic2a_seed-0_aug-True_GPU0_20260512_080216\curves\subject_7_loss.png","33926","252a103cbbc9ace8c62c8cd0fb6ba40f3834759730af5c72d2ec4eef5c987098"
"reports\tcformer_multi_exit_ablation\runs\teacher_mid_deep_only\TCFormer_bcic2a_seed-0_aug-True_GPU0_20260512_080216\live_progress.txt","155","6748a6553ad19c410685d778a3839e0d8282257ade33823dbc5d51ec0d1e7f92"
"reports\tcformer_multi_exit_ablation\runs\teacher_mid_deep_only\TCFormer_bcic2a_seed-0_aug-True_GPU0_20260512_080216\subject_1_progress.txt","156","d3ef737afdce97184f2e075e1122815d34c238e9e47be46f7a6577e51d3d6846"
"reports\tcformer_multi_exit_ablation\runs\teacher_mid_deep_only\TCFormer_bcic2a_seed-0_aug-True_GPU0_20260512_080216\subject_2_progress.txt","156","0e2cf2e7a776f436a635d7d2033d2c9c631d697ad04557ac299b1d96a526d082"
"reports\tcformer_multi_exit_ablation\runs\teacher_mid_deep_only\TCFormer_bcic2a_seed-0_aug-True_GPU0_20260512_080216\subject_3_progress.txt","156","40d22640a3b4865fbde08c3287e51ca3048addefa1cceb5b2881c3ae534147bc"
"reports\tcformer_multi_exit_ablation\runs\teacher_mid_deep_only\TCFormer_bcic2a_seed-0_aug-True_GPU0_20260512_080216\subject_4_progress.txt","156","e7cbb852489398abaeeff98d475b8088ed65e1e05199ee0b1a9b6d2d3ed1dc76"
"reports\tcformer_multi_exit_ablation\runs\teacher_mid_deep_only\TCFormer_bcic2a_seed-0_aug-True_GPU0_20260512_080216\subject_5_progress.txt","156","a4a4e0f792c980a92100ac365f2b075666077caef991c8caed5a082e3a297502"
"reports\tcformer_multi_exit_ablation\runs\teacher_mid_deep_only\TCFormer_bcic2a_seed-0_aug-True_GPU0_20260512_080216\subject_6_progress.txt","156","1f0a4782c3c9ceb183ead1dc70142a5854d9c8aeb59e991cecb153c2cf67f6b8"
"reports\tcformer_multi_exit_ablation\runs\teacher_mid_deep_only\TCFormer_bcic2a_seed-0_aug-True_GPU0_20260512_080216\subject_7_progress.txt","156","2309dd8fa0c9974b0c5fc1d73961852bb03f7efd55235e52357e90f7f5f7e9eb"
"reports\tcformer_multi_exit_ablation\runs\teacher_mid_deep_only\TCFormer_bcic2a_seed-0_aug-True_GPU0_20260512_080216\subject_8_progress.txt","155","6748a6553ad19c410685d778a3839e0d8282257ade33823dbc5d51ec0d1e7f92"
"reports\tcformer_multi_exit_ablation\runs\teacher_mid_deep_only\TCFormer_bcic2a_seed-0_aug-True_GPU0_20260512_124906\config.yaml","2327","e94255eac579f6a13f8951a953c3292fcd40682b462ac5efee505cb8c81fb49a"
"reports\tcformer_multi_exit_ablation\runs\teacher_mid_deep_only\TCFormer_bcic2a_seed-0_aug-True_GPU0_20260512_124906\confmats\avg_confusion_matrix.png","41101","bb0f2a4d0f20d2228c221038517f8653c204867c46f3e01ff12e4033b3066a20"
"reports\tcformer_multi_exit_ablation\runs\teacher_mid_deep_only\TCFormer_bcic2a_seed-0_aug-True_GPU0_20260512_124906\confmats\confmat_subject_1.png","38999","a8f7e5edd301f8568869ba00946aea07e89fcf2bb7ab3614b2b8ec662b5c2391"
"reports\tcformer_multi_exit_ablation\runs\teacher_mid_deep_only\TCFormer_bcic2a_seed-0_aug-True_GPU0_20260512_124906\confmats\confmat_subject_2.png","40430","7de101985cd7c3e2fff517704db3567af4c13d29ba49b3a76e3b744c33868d71"
"reports\tcformer_multi_exit_ablation\runs\teacher_mid_deep_only\TCFormer_bcic2a_seed-0_aug-True_GPU0_20260512_124906\confmats\confmat_subject_3.png","37912","8214a5379e811f034cc704a664309e7c02be7814318d98a400f7924455acab67"
"reports\tcformer_multi_exit_ablation\runs\teacher_mid_deep_only\TCFormer_bcic2a_seed-0_aug-True_GPU0_20260512_124906\confmats\confmat_subject_4.png","37377","821b10f33943c2ef69c20640c0215dcd36ef84b9660ccd8c2c62d7b4542c05c3"
"reports\tcformer_multi_exit_ablation\runs\teacher_mid_deep_only\TCFormer_bcic2a_seed-0_aug-True_GPU0_20260512_124906\confmats\confmat_subject_5.png","41792","ee3a5b4ecc91adba3db8fbe78745167131c5c94c0623aa8385a08caeae90ae63"
"reports\tcformer_multi_exit_ablation\runs\teacher_mid_deep_only\TCFormer_bcic2a_seed-0_aug-True_GPU0_20260512_124906\confmats\confmat_subject_6.png","39262","a4b53f76c7f1dfb71aec4dcdf3d8e2bdb7aa8ae0952dc60bcc55d26e356c6056"
"reports\tcformer_multi_exit_ablation\runs\teacher_mid_deep_only\TCFormer_bcic2a_seed-0_aug-True_GPU0_20260512_124906\confmats\confmat_subject_7.png","39173","9e0ca24e4ac59c0956ee7d1170c82c43b3b6ad38048e8343f0c10053d0df10ad"
"reports\tcformer_multi_exit_ablation\runs\teacher_mid_deep_only\TCFormer_bcic2a_seed-0_aug-True_GPU0_20260512_124906\confmats\confmat_subject_8.png","37947","60d1fb475ee9558dd155d4066893b3f1827df0f9a4dd15f73ded9cdc4cac7f05"
"reports\tcformer_multi_exit_ablation\runs\teacher_mid_deep_only\TCFormer_bcic2a_seed-0_aug-True_GPU0_20260512_124906\confmats\confmat_subject_9.png","39703","3f886d782ccc14880ee7f09569838aea07875693eca319cf58d43686269b24d3"
"reports\tcformer_multi_exit_ablation\runs\teacher_mid_deep_only\TCFormer_bcic2a_seed-0_aug-True_GPU0_20260512_124906\curves\subject_1_acc.png","41233","2ef1ac425d10e47b8029ad8264d0b684d01fb6ae47d3ebab4600ece06c031cfe"
"reports\tcformer_multi_exit_ablation\runs\teacher_mid_deep_only\TCFormer_bcic2a_seed-0_aug-True_GPU0_20260512_124906\curves\subject_1_loss.png","39440","21fccaee14d8fd8811947eb897f4277e63b229a93801c337862538f3cb28e106"
"reports\tcformer_multi_exit_ablation\runs\teacher_mid_deep_only\TCFormer_bcic2a_seed-0_aug-True_GPU0_20260512_124906\curves\subject_2_acc.png","48492","7efc2dacb78b089ca43e49bd4c80e6c5a4f1e123a4bde9aa0998340a45da3715"
"reports\tcformer_multi_exit_ablation\runs\teacher_mid_deep_only\TCFormer_bcic2a_seed-0_aug-True_GPU0_20260512_124906\curves\subject_2_loss.png","42400","a340ba87da951362619f622631eb6e248f970c7a20559a35d99178298053b518"
"reports\tcformer_multi_exit_ablation\runs\teacher_mid_deep_only\TCFormer_bcic2a_seed-0_aug-True_GPU0_20260512_124906\curves\subject_3_acc.png","39737","7c5b271cf8c9d7b463c3892710ce39e80431073503cf1205d94a8e0f1d784956"
"reports\tcformer_multi_exit_ablation\runs\teacher_mid_deep_only\TCFormer_bcic2a_seed-0_aug-True_GPU0_20260512_124906\curves\subject_3_loss.png","38974","d51ab16ebb6ebaa95ff1a557e4d1b16f06898cf11de386c4862f1dba74f55ced"
"reports\tcformer_multi_exit_ablation\runs\teacher_mid_deep_only\TCFormer_bcic2a_seed-0_aug-True_GPU0_20260512_124906\curves\subject_4_acc.png","38602","1c76ad129f10f137e4c02110c7ec555ee2c1bf5a8b31b10325661dd122c396c7"
"reports\tcformer_multi_exit_ablation\runs\teacher_mid_deep_only\TCFormer_bcic2a_seed-0_aug-True_GPU0_20260512_124906\curves\subject_4_loss.png","40390","8f100f2b346c6754196d39f45dca1107fac5d9339bcbc6f110bd17cc12657fea"
"reports\tcformer_multi_exit_ablation\runs\teacher_mid_deep_only\TCFormer_bcic2a_seed-0_aug-True_GPU0_20260512_124906\curves\subject_5_acc.png","41033","6251c0ef825935ef6354ff1841ed83c0a36592c506836ac310213b7f39747bc6"
"reports\tcformer_multi_exit_ablation\runs\teacher_mid_deep_only\TCFormer_bcic2a_seed-0_aug-True_GPU0_20260512_124906\curves\subject_5_loss.png","41591","0faaf1a66a45634c5caa1a81046cf9ed188dc77eaeb8d387783c08450805f2a1"
"reports\tcformer_multi_exit_ablation\runs\teacher_mid_deep_only\TCFormer_bcic2a_seed-0_aug-True_GPU0_20260512_124906\curves\subject_6_acc.png","42152","60afa34c79767f1d1980003183fe9f749182ed9080fd235f94b8a9dafcb725c0"
"reports\tcformer_multi_exit_ablation\runs\teacher_mid_deep_only\TCFormer_bcic2a_seed-0_aug-True_GPU0_20260512_124906\curves\subject_6_loss.png","40924","27d9b9e05afdd1074e1b22c0f56e8ebcf681229b8813af7d9a40368d2b853faa"
"reports\tcformer_multi_exit_ablation\runs\teacher_mid_deep_only\TCFormer_bcic2a_seed-0_aug-True_GPU0_20260512_124906\curves\subject_7_acc.png","41552","1bd9447688a933199adf62b0a03e257442cfd116cb54e94391f50edb5c501b5d"
"reports\tcformer_multi_exit_ablation\runs\teacher_mid_deep_only\TCFormer_bcic2a_seed-0_aug-True_GPU0_20260512_124906\curves\subject_7_loss.png","33926","252a103cbbc9ace8c62c8cd0fb6ba40f3834759730af5c72d2ec4eef5c987098"
"reports\tcformer_multi_exit_ablation\runs\teacher_mid_deep_only\TCFormer_bcic2a_seed-0_aug-True_GPU0_20260512_124906\curves\subject_8_acc.png","37833","92ffc5bc8eb86b2d0cec1d98769e13bdfa360615fecbf52d1329874af4bce6b9"
"reports\tcformer_multi_exit_ablation\runs\teacher_mid_deep_only\TCFormer_bcic2a_seed-0_aug-True_GPU0_20260512_124906\curves\subject_8_loss.png","39642","cf815eab52a2899735b9f310bb1a21f1101183336e9dc6b24fb74d95aab4c286"
"reports\tcformer_multi_exit_ablation\runs\teacher_mid_deep_only\TCFormer_bcic2a_seed-0_aug-True_GPU0_20260512_124906\curves\subject_9_acc.png","36646","83d991efce81134f039d4e96441426b015f1086537486d3401ae996aa1048e85"
"reports\tcformer_multi_exit_ablation\runs\teacher_mid_deep_only\TCFormer_bcic2a_seed-0_aug-True_GPU0_20260512_124906\curves\subject_9_loss.png","38560","afd669db8c6fe2eb17b4f0bf48f6d486e4e18ea4437db66c29efffe30e499ec9"
"reports\tcformer_multi_exit_ablation\runs\teacher_mid_deep_only\TCFormer_bcic2a_seed-0_aug-True_GPU0_20260512_124906\live_progress.txt","156","299bdc9e9d62a93b424e0ef59a5fcbf27e32a06bc1eccb76382f036c57102022"
"reports\tcformer_multi_exit_ablation\runs\teacher_mid_deep_only\TCFormer_bcic2a_seed-0_aug-True_GPU0_20260512_124906\results.txt","2398","fae1067eebfbba1b5a9b289a66bd13d7373dcbb189bb4df136055ade225f0758"
"reports\tcformer_multi_exit_ablation\runs\teacher_mid_deep_only\TCFormer_bcic2a_seed-0_aug-True_GPU0_20260512_124906\subject_1_progress.txt","156","d3ef737afdce97184f2e075e1122815d34c238e9e47be46f7a6577e51d3d6846"
"reports\tcformer_multi_exit_ablation\runs\teacher_mid_deep_only\TCFormer_bcic2a_seed-0_aug-True_GPU0_20260512_124906\subject_2_progress.txt","156","0e2cf2e7a776f436a635d7d2033d2c9c631d697ad04557ac299b1d96a526d082"
"reports\tcformer_multi_exit_ablation\runs\teacher_mid_deep_only\TCFormer_bcic2a_seed-0_aug-True_GPU0_20260512_124906\subject_3_progress.txt","156","40d22640a3b4865fbde08c3287e51ca3048addefa1cceb5b2881c3ae534147bc"
"reports\tcformer_multi_exit_ablation\runs\teacher_mid_deep_only\TCFormer_bcic2a_seed-0_aug-True_GPU0_20260512_124906\subject_4_progress.txt","156","e7cbb852489398abaeeff98d475b8088ed65e1e05199ee0b1a9b6d2d3ed1dc76"
"reports\tcformer_multi_exit_ablation\runs\teacher_mid_deep_only\TCFormer_bcic2a_seed-0_aug-True_GPU0_20260512_124906\subject_5_progress.txt","156","a4a4e0f792c980a92100ac365f2b075666077caef991c8caed5a082e3a297502"
"reports\tcformer_multi_exit_ablation\runs\teacher_mid_deep_only\TCFormer_bcic2a_seed-0_aug-True_GPU0_20260512_124906\subject_6_progress.txt","156","5552f17fcc03dfed12d12078ccf6c57b28d23d4de862a20a2283757c1ab54a37"
"reports\tcformer_multi_exit_ablation\runs\teacher_mid_deep_only\TCFormer_bcic2a_seed-0_aug-True_GPU0_20260512_124906\subject_7_progress.txt","156","2309dd8fa0c9974b0c5fc1d73961852bb03f7efd55235e52357e90f7f5f7e9eb"
"reports\tcformer_multi_exit_ablation\runs\teacher_mid_deep_only\TCFormer_bcic2a_seed-0_aug-True_GPU0_20260512_124906\subject_8_progress.txt","156","265f2e03a14e9559ea44931e7ab09818f01694766472f5b7088bcdf0df1a3b15"
"reports\tcformer_multi_exit_ablation\runs\teacher_mid_deep_only\TCFormer_bcic2a_seed-0_aug-True_GPU0_20260512_124906\subject_9_progress.txt","156","299bdc9e9d62a93b424e0ef59a5fcbf27e32a06bc1eccb76382f036c57102022"
"reports\tcformer_multi_exit_ablation\runs\teacher_no_supervise_shallow\TCFormer_bcic2a_seed-0_aug-True_GPU0_20260511_212359\config.yaml","2334","cd34f1bc8869271b43e38af061860369208ae580810bcf97ef74c51ec1e49ed1"
"reports\tcformer_multi_exit_ablation\runs\teacher_no_supervise_shallow\TCFormer_bcic2a_seed-0_aug-True_GPU0_20260511_212359\confmats\avg_confusion_matrix.png","42544","2bcddcfb6e3668c054a7a778c25f068d64d892de3eaaa8a7f25a84c3f04859d2"
"reports\tcformer_multi_exit_ablation\runs\teacher_no_supervise_shallow\TCFormer_bcic2a_seed-0_aug-True_GPU0_20260511_212359\confmats\confmat_subject_1.png","38999","a8f7e5edd301f8568869ba00946aea07e89fcf2bb7ab3614b2b8ec662b5c2391"
"reports\tcformer_multi_exit_ablation\runs\teacher_no_supervise_shallow\TCFormer_bcic2a_seed-0_aug-True_GPU0_20260511_212359\confmats\confmat_subject_2.png","40430","7de101985cd7c3e2fff517704db3567af4c13d29ba49b3a76e3b744c33868d71"
"reports\tcformer_multi_exit_ablation\runs\teacher_no_supervise_shallow\TCFormer_bcic2a_seed-0_aug-True_GPU0_20260511_212359\confmats\confmat_subject_3.png","37912","8214a5379e811f034cc704a664309e7c02be7814318d98a400f7924455acab67"
"reports\tcformer_multi_exit_ablation\runs\teacher_no_supervise_shallow\TCFormer_bcic2a_seed-0_aug-True_GPU0_20260511_212359\confmats\confmat_subject_4.png","39325","e99d6c1ce918905bbcd52d6fb5610a78fcb2a4e91a7041d0e3f04a5cfc67c83e"
"reports\tcformer_multi_exit_ablation\runs\teacher_no_supervise_shallow\TCFormer_bcic2a_seed-0_aug-True_GPU0_20260511_212359\confmats\confmat_subject_5.png","41792","ee3a5b4ecc91adba3db8fbe78745167131c5c94c0623aa8385a08caeae90ae63"
"reports\tcformer_multi_exit_ablation\runs\teacher_no_supervise_shallow\TCFormer_bcic2a_seed-0_aug-True_GPU0_20260511_212359\confmats\confmat_subject_6.png","41015","a4aa74d8b4c93e847cd64398f4b8807117b5a4626ffb1e228145cb5ae75fdf10"
"reports\tcformer_multi_exit_ablation\runs\teacher_no_supervise_shallow\TCFormer_bcic2a_seed-0_aug-True_GPU0_20260511_212359\confmats\confmat_subject_7.png","39313","5d646b2a504fd7fc35f3a3ec8c02dc62e8b43be7339a105199d8c858b789a034"
"reports\tcformer_multi_exit_ablation\runs\teacher_no_supervise_shallow\TCFormer_bcic2a_seed-0_aug-True_GPU0_20260511_212359\confmats\confmat_subject_8.png","37947","60d1fb475ee9558dd155d4066893b3f1827df0f9a4dd15f73ded9cdc4cac7f05"
"reports\tcformer_multi_exit_ablation\runs\teacher_no_supervise_shallow\TCFormer_bcic2a_seed-0_aug-True_GPU0_20260511_212359\confmats\confmat_subject_9.png","39703","3f886d782ccc14880ee7f09569838aea07875693eca319cf58d43686269b24d3"
"reports\tcformer_multi_exit_ablation\runs\teacher_no_supervise_shallow\TCFormer_bcic2a_seed-0_aug-True_GPU0_20260511_212359\curves\subject_1_acc.png","41233","2ef1ac425d10e47b8029ad8264d0b684d01fb6ae47d3ebab4600ece06c031cfe"
"reports\tcformer_multi_exit_ablation\runs\teacher_no_supervise_shallow\TCFormer_bcic2a_seed-0_aug-True_GPU0_20260511_212359\curves\subject_1_loss.png","39440","21fccaee14d8fd8811947eb897f4277e63b229a93801c337862538f3cb28e106"
"reports\tcformer_multi_exit_ablation\runs\teacher_no_supervise_shallow\TCFormer_bcic2a_seed-0_aug-True_GPU0_20260511_212359\curves\subject_2_acc.png","48492","7efc2dacb78b089ca43e49bd4c80e6c5a4f1e123a4bde9aa0998340a45da3715"
"reports\tcformer_multi_exit_ablation\runs\teacher_no_supervise_shallow\TCFormer_bcic2a_seed-0_aug-True_GPU0_20260511_212359\curves\subject_2_loss.png","42400","a340ba87da951362619f622631eb6e248f970c7a20559a35d99178298053b518"
"reports\tcformer_multi_exit_ablation\runs\teacher_no_supervise_shallow\TCFormer_bcic2a_seed-0_aug-True_GPU0_20260511_212359\curves\subject_3_acc.png","39696","77e3eb4a1dc67f557459a79fe276276338722ed11bd7a9961a9310ae79c76b97"
"reports\tcformer_multi_exit_ablation\runs\teacher_no_supervise_shallow\TCFormer_bcic2a_seed-0_aug-True_GPU0_20260511_212359\curves\subject_3_loss.png","39044","6b913cda252fd2c5b1431788b27af908eba0d6fefb8abd7b95135637f22e50c3"
"reports\tcformer_multi_exit_ablation\runs\teacher_no_supervise_shallow\TCFormer_bcic2a_seed-0_aug-True_GPU0_20260511_212359\curves\subject_4_acc.png","38989","1fd15e3def1c38cd82da918595bec164fd9097e3a3b3e619d64d500cb33ecec2"
"reports\tcformer_multi_exit_ablation\runs\teacher_no_supervise_shallow\TCFormer_bcic2a_seed-0_aug-True_GPU0_20260511_212359\curves\subject_4_loss.png","41217","b1d41d513780a6dea3bfbcfdf273778b20d91e7202318033d36ed7566ec1ddec"
"reports\tcformer_multi_exit_ablation\runs\teacher_no_supervise_shallow\TCFormer_bcic2a_seed-0_aug-True_GPU0_20260511_212359\curves\subject_5_acc.png","40919","0e5bfcfff207f83d7821d6118da165fdcd0f0a55577319c92e0428c7d6cfe25b"
"reports\tcformer_multi_exit_ablation\runs\teacher_no_supervise_shallow\TCFormer_bcic2a_seed-0_aug-True_GPU0_20260511_212359\curves\subject_5_loss.png","41472","696dfe6545b1fb51fe758025b6e03b2238a77eb347d2c3e2984105cc95cf13e5"
"reports\tcformer_multi_exit_ablation\runs\teacher_no_supervise_shallow\TCFormer_bcic2a_seed-0_aug-True_GPU0_20260511_212359\curves\subject_6_acc.png","42055","8cda9589b28c99d5f47c1045cb8560b313924a99e143d3db8f870e1c4dbff652"
"reports\tcformer_multi_exit_ablation\runs\teacher_no_supervise_shallow\TCFormer_bcic2a_seed-0_aug-True_GPU0_20260511_212359\curves\subject_6_loss.png","40896","7ca07cd9981c32e7b826f4003b0282991205e30322b19dd2c14e603e4b957c73"
"reports\tcformer_multi_exit_ablation\runs\teacher_no_supervise_shallow\TCFormer_bcic2a_seed-0_aug-True_GPU0_20260511_212359\curves\subject_7_acc.png","41250","c0a7fcc469143af7cad0a5b735a5cf777341fc0929e6573642c818dfe1128de3"
"reports\tcformer_multi_exit_ablation\runs\teacher_no_supervise_shallow\TCFormer_bcic2a_seed-0_aug-True_GPU0_20260511_212359\curves\subject_7_loss.png","33719","993968ed4480e90580903af70dd0cbbb051c57657b307a7d6d57acc211e6fcc5"
"reports\tcformer_multi_exit_ablation\runs\teacher_no_supervise_shallow\TCFormer_bcic2a_seed-0_aug-True_GPU0_20260511_212359\curves\subject_8_acc.png","37833","92ffc5bc8eb86b2d0cec1d98769e13bdfa360615fecbf52d1329874af4bce6b9"
"reports\tcformer_multi_exit_ablation\runs\teacher_no_supervise_shallow\TCFormer_bcic2a_seed-0_aug-True_GPU0_20260511_212359\curves\subject_8_loss.png","39642","cf815eab52a2899735b9f310bb1a21f1101183336e9dc6b24fb74d95aab4c286"
"reports\tcformer_multi_exit_ablation\runs\teacher_no_supervise_shallow\TCFormer_bcic2a_seed-0_aug-True_GPU0_20260511_212359\curves\subject_9_acc.png","36646","83d991efce81134f039d4e96441426b015f1086537486d3401ae996aa1048e85"
"reports\tcformer_multi_exit_ablation\runs\teacher_no_supervise_shallow\TCFormer_bcic2a_seed-0_aug-True_GPU0_20260511_212359\curves\subject_9_loss.png","38560","afd669db8c6fe2eb17b4f0bf48f6d486e4e18ea4437db66c29efffe30e499ec9"
"reports\tcformer_multi_exit_ablation\runs\teacher_no_supervise_shallow\TCFormer_bcic2a_seed-0_aug-True_GPU0_20260511_212359\live_progress.txt","156","299bdc9e9d62a93b424e0ef59a5fcbf27e32a06bc1eccb76382f036c57102022"
"reports\tcformer_multi_exit_ablation\runs\teacher_no_supervise_shallow\TCFormer_bcic2a_seed-0_aug-True_GPU0_20260511_212359\results.txt","2397","fbcba0396d5bc30ba867f9a519cf50d8571ce657719ddcbc2f57b4341dcfd8ca"
"reports\tcformer_multi_exit_ablation\runs\teacher_no_supervise_shallow\TCFormer_bcic2a_seed-0_aug-True_GPU0_20260511_212359\subject_1_progress.txt","156","d3ef737afdce97184f2e075e1122815d34c238e9e47be46f7a6577e51d3d6846"
"reports\tcformer_multi_exit_ablation\runs\teacher_no_supervise_shallow\TCFormer_bcic2a_seed-0_aug-True_GPU0_20260511_212359\subject_2_progress.txt","156","0e2cf2e7a776f436a635d7d2033d2c9c631d697ad04557ac299b1d96a526d082"
"reports\tcformer_multi_exit_ablation\runs\teacher_no_supervise_shallow\TCFormer_bcic2a_seed-0_aug-True_GPU0_20260511_212359\subject_3_progress.txt","156","318f4c4ea325bf3741b0d30cac8d0122b8ee416f5e2ef4bf83d8aa268c0b21c4"
"reports\tcformer_multi_exit_ablation\runs\teacher_no_supervise_shallow\TCFormer_bcic2a_seed-0_aug-True_GPU0_20260511_212359\subject_4_progress.txt","156","ba6a3ee6bb7f13d70a5d6233f308b40aeb710ef7c809ae3ea7774ce75587e4a3"
"reports\tcformer_multi_exit_ablation\runs\teacher_no_supervise_shallow\TCFormer_bcic2a_seed-0_aug-True_GPU0_20260511_212359\subject_5_progress.txt","156","0e8b4c8c837f5811bf222cb1c85398eec55262085ffe720724a165e48dd0ede6"
"reports\tcformer_multi_exit_ablation\runs\teacher_no_supervise_shallow\TCFormer_bcic2a_seed-0_aug-True_GPU0_20260511_212359\subject_6_progress.txt","156","1f0a4782c3c9ceb183ead1dc70142a5854d9c8aeb59e991cecb153c2cf67f6b8"
"reports\tcformer_multi_exit_ablation\runs\teacher_no_supervise_shallow\TCFormer_bcic2a_seed-0_aug-True_GPU0_20260511_212359\subject_7_progress.txt","156","84fa0e67435abcff64231eb7b9dbdcdad787c8a5730627cd86b72f5d6bfd343c"
"reports\tcformer_multi_exit_ablation\runs\teacher_no_supervise_shallow\TCFormer_bcic2a_seed-0_aug-True_GPU0_20260511_212359\subject_8_progress.txt","156","265f2e03a14e9559ea44931e7ab09818f01694766472f5b7088bcdf0df1a3b15"
"reports\tcformer_multi_exit_ablation\runs\teacher_no_supervise_shallow\TCFormer_bcic2a_seed-0_aug-True_GPU0_20260511_212359\subject_9_progress.txt","156","299bdc9e9d62a93b424e0ef59a5fcbf27e32a06bc1eccb76382f036c57102022"
"visualization\build_seed0_reviewer_preview.py","40959","d1a1157385f72d1918639141fc733b836182827a78615d7f0efb0557e3e11115"
"visualization\draw_architecture_v2.py","15833","68cefde158946cac3f8c34c4ad0676f7b024658e66146927725e2bdb384a36d6"
"visualization\tools\batch_visualize_original_run.py","2507","3400f5401f09c415c5cc2e72644a8757727809474c71ab50fbc508ed05361abc"
"visualization\tools\build_multi_exit_method_figure.py","10534","fd7030a61823a3cdbc9989655746d24db12bbf95f5eea13129a242114a7c7b2a"
"visualization\tools\build_original_overall_visualization.py","6614","810a965e84c0b9b4b2c81691aec421fed4a33b7bd1bf3b60bd2c530e99fae385"
"visualization\tools\build_tcformer_multiexit_visual_doc.py","52714","d9156f7fa5bc6a1f5c5f0821f186d96cfe7a42afc0cb3cd5757b15ef9e85f552"
"visualization\tools\build_transformer_multi_exit_method_figure.py","9752","5008985ca0f40b92d640f71286dcd03062d3ad55c948840a81303ad2d4c164ce"
"visualization\tools\summarize_original_visualizations.py","9260","3ca1221bc225b214b2eebb47e02c45d485a6c2493d71e7a0b1c148be45cd0c20"
"visualization\tools\visualize_single_eeg_stages_original.py","21446","cd86100c443e5302b3eef84aecc8a5248506aa926250bbe3fe83081fa574a48b"
"visualization\tools\visualize_single_eeg_stages.py","25681","8fe1206e3bff1eea20bd8c065a3f7e28b71e436aa0a7b99247cc349775e22713"
"visualization\utils\plotting.py","4230","433c0d8bb075cc9de45f461d27a665141cec28d5d9f539140a2ec6682ae373f6"
